,Unnamed: 0,Player,Pos,Age,Tm,G,GS,MP,FG,FGA,FG%,3P,3PA,3P%,2P,2PA,2P%,eFG%,FT,FTA,FT%,ORB,DRB,TRB,AST,STL,BLK,TOV,PF,PTS
0,0,Shareef Abdur-Rahim,C,30.0,SAC,80.0,45.0,25.2,3.9,8.2,0.474,0.0,0.3,0.15,3.8,7.9,0.484,0.47600000000000003,2.1,2.9,0.726,1.5,3.5,5.0,1.4,0.7,0.5,1.5,3.0,9.9
1,1,Hassan Adams,SG,22.0,NJN,61.0,8.0,8.1,1.2,2.2,0.556,0.0,0.0,0.0,1.2,2.2,0.56,0.556,0.4,0.6,0.667,0.6,0.7,1.3,0.2,0.3,0.1,0.4,0.8,2.9
2,2,Maurice Ager,SG,22.0,DAL,32.0,1.0,6.7,0.7,2.2,0.314,0.2,0.5,0.33299999999999996,0.5,1.7,0.309,0.35,0.6,1.0,0.606,0.0,0.6,0.7,0.2,0.1,0.1,0.5,0.8,2.2
3,3,LaMarcus Aldridge,C,21.0,POR,63.0,22.0,22.1,3.8,7.6,0.503,0.0,0.0,0.0,3.8,7.6,0.505,0.503,1.3,1.8,0.722,2.3,2.7,5.0,0.4,0.3,1.2,0.7,3.0,9.0
4,4,Malik Allen,PF,28.0,CHI,60.0,1.0,10.6,1.8,4.3,0.415,0.0,0.0,0.0,1.8,4.3,0.41600000000000004,0.415,0.5,0.6,0.8240000000000001,0.7,1.3,2.0,0.3,0.3,0.3,0.4,1.4,4.0
5,5,Ray Allen*,SG,31.0,SEA,55.0,55.0,40.3,9.2,21.0,0.43799999999999994,3.0,8.1,0.3720000000000001,6.2,12.9,0.479,0.51,5.1,5.6,0.903,1.0,3.5,4.5,4.1,1.5,0.2,2.8,2.1,26.4
6,6,Tony Allen,SG,25.0,BOS,33.0,18.0,24.4,4.0,7.8,0.514,0.2,1.0,0.242,3.8,6.8,0.5529999999999999,0.529,3.2,4.1,0.784,1.1,2.7,3.8,1.7,1.5,0.4,2.3,2.6,11.5
7,7,Rafer Alston,PG,30.0,HOU,82.0,82.0,37.1,4.7,12.4,0.375,2.3,6.5,0.363,2.3,6.0,0.389,0.47,1.6,2.2,0.7340000000000001,0.4,3.1,3.4,5.4,1.6,0.1,2.1,2.4,13.3
8,8,Lou Amundson,PF,24.0,TOT,11.0,0.0,8.1,0.5,1.4,0.4,0.0,0.0,0.0,0.5,1.4,0.4,0.4,0.4,0.9,0.4,1.2,1.4,2.5,0.1,0.1,0.7,0.5,1.4,1.5
9,9,Alan Anderson,SG,24.0,CHA,17.0,0.0,15.1,2.2,4.8,0.457,0.3,1.2,0.25,1.9,3.6,0.525,0.488,1.1,1.4,0.826,0.6,1.2,1.9,1.2,0.4,0.0,1.3,1.9,5.8
10,10,Derek Anderson,SF,32.0,CHA,50.0,32.0,23.8,2.5,5.9,0.429,1.1,3.0,0.355,1.4,2.8,0.507,0.52,1.9,2.1,0.877,0.6,1.7,2.3,2.7,1.0,0.1,1.1,2.3,8.0
11,11,Carmelo Anthony,SF,22.0,DEN,65.0,65.0,38.2,10.6,22.4,0.47600000000000003,0.6,2.3,0.268,10.0,20.1,0.499,0.489,7.1,8.7,0.8079999999999999,2.2,3.8,6.0,3.8,1.2,0.4,3.6,3.1,28.9
12,12,Rafael Araújo,C,26.0,UTA,28.0,0.0,8.9,1.0,2.3,0.415,0.0,0.0,0.0,1.0,2.3,0.415,0.415,0.6,1.0,0.621,0.8,1.6,2.4,0.4,0.2,0.1,0.6,1.4,2.6
13,13,Gilbert Arenas,PG,25.0,WAS,74.0,73.0,39.8,8.7,20.9,0.418,2.8,7.9,0.35100000000000003,6.0,13.0,0.45899999999999996,0.484,8.2,9.7,0.8440000000000001,0.8,3.7,4.6,6.0,1.9,0.2,3.2,3.4,28.4
14,14,Trevor Ariza,SG,21.0,ORL,57.0,7.0,22.4,3.5,6.5,0.539,0.0,0.1,0.0,3.5,6.4,0.5489999999999999,0.539,1.9,3.0,0.62,1.7,2.6,4.4,1.1,1.0,0.3,1.5,2.4,8.9
15,15,Darrell Armstrong,PG,38.0,IND,81.0,4.0,15.7,1.9,4.7,0.414,0.9,2.6,0.336,1.0,2.0,0.515,0.509,0.9,1.1,0.785,0.4,1.2,1.7,2.4,0.9,0.1,0.9,1.3,5.6
16,16,Hilton Armstrong,C,22.0,NOK,56.0,5.0,11.3,1.2,2.2,0.544,0.0,0.0,0.0,1.2,2.2,0.544,0.544,0.7,1.2,0.597,1.0,1.6,2.7,0.2,0.2,0.5,0.6,1.4,3.1
17,17,Carlos Arroyo,PG,27.0,ORL,72.0,5.0,18.1,2.8,6.6,0.425,0.2,0.7,0.275,2.6,5.9,0.44299999999999995,0.439,1.8,2.3,0.795,0.4,1.4,1.9,2.8,0.5,0.0,1.3,1.8,7.7
18,18,Chucky Atkins,PG,32.0,MEM,75.0,23.0,27.5,4.1,9.5,0.434,1.5,4.1,0.379,2.6,5.5,0.474,0.515,3.4,4.1,0.81,0.2,1.6,1.9,4.6,0.7,0.1,1.7,1.8,13.2
19,19,James Augustine,PF,22.0,ORL,2.0,0.0,3.5,0.5,1.5,0.33299999999999996,0.0,0.0,0.0,0.5,1.5,0.33299999999999996,0.33299999999999996,0.0,0.0,0.0,0.5,1.0,1.5,1.0,0.0,0.0,0.0,1.0,1.0
20,20,Kelenna Azubuike,SG,23.0,GSW,41.0,9.0,16.3,2.4,5.4,0.445,0.8,1.9,0.43,1.6,3.4,0.45399999999999996,0.523,1.5,1.9,0.782,0.6,1.7,2.3,0.7,0.5,0.2,1.0,1.2,7.1
21,21,Renaldo Balkman,SF,22.0,NYK,68.0,1.0,15.6,2.0,4.0,0.505,0.1,0.4,0.185,2.0,3.6,0.54,0.515,0.8,1.3,0.5670000000000001,1.4,2.9,4.3,0.6,0.8,0.6,0.7,2.1,4.9
22,22,Marcus Banks,PG,25.0,PHO,45.0,1.0,11.2,1.9,4.4,0.429,0.1,0.6,0.172,1.8,3.7,0.473,0.441,1.1,1.3,0.8,0.2,0.6,0.8,1.3,0.5,0.1,0.9,1.6,4.9
23,23,Leandro Barbosa,SG,24.0,PHO,80.0,18.0,32.7,6.6,13.9,0.47600000000000003,2.4,5.5,0.434,4.2,8.4,0.504,0.562,2.5,2.9,0.845,0.3,2.4,2.7,4.0,1.2,0.2,1.8,2.6,18.1
24,24,J.J. Barea,PG,22.0,DAL,33.0,1.0,5.8,0.8,2.4,0.359,0.2,0.6,0.28600000000000003,0.7,1.7,0.386,0.397,0.5,0.7,0.667,0.2,0.5,0.8,0.7,0.0,0.0,0.4,0.6,2.4
25,25,Andrea Bargnani,PF,21.0,TOR,65.0,2.0,25.1,4.1,9.6,0.4270000000000001,1.5,4.1,0.373,2.6,5.5,0.46799999999999997,0.507,1.8,2.2,0.8240000000000001,0.8,3.1,3.9,0.8,0.5,0.8,1.6,2.8,11.6
26,26,Matt Barnes,PF,26.0,GSW,76.0,23.0,23.9,3.6,8.3,0.43799999999999994,1.4,3.8,0.366,2.2,4.4,0.5,0.522,1.2,1.6,0.732,1.2,3.4,4.6,2.1,1.0,0.5,1.4,2.5,9.8
27,27,Andre Barrett,PG,24.0,CHI,6.0,0.0,4.8,0.7,1.3,0.5,0.0,0.0,0.0,0.7,1.3,0.5,0.5,0.0,0.0,0.0,0.2,0.7,0.8,1.2,0.0,0.0,0.7,0.7,1.3
28,28,Earl Barron,C,25.0,MIA,28.0,0.0,7.3,0.9,3.0,0.289,0.0,0.0,0.0,0.9,2.9,0.293,0.289,0.6,0.6,0.9440000000000001,0.7,0.8,1.5,0.2,0.2,0.1,0.4,0.8,2.3
29,29,Brent Barry,SG,35.0,SAS,75.0,28.0,21.7,2.7,5.7,0.475,1.7,3.8,0.446,1.0,1.8,0.536,0.626,1.4,1.6,0.88,0.2,1.9,2.1,1.8,0.7,0.2,0.8,1.2,8.5
30,30,Brandon Bass,PF,21.0,NOK,21.0,3.0,7.7,0.7,2.1,0.341,0.0,0.0,0.0,0.7,2.0,0.349,0.341,0.6,0.8,0.75,0.6,1.4,2.0,0.1,0.1,0.1,0.5,0.8,2.0
31,31,Maceo Baston,PF,31.0,IND,47.0,2.0,8.6,1.0,1.6,0.645,0.1,0.1,0.429,1.0,1.5,0.667,0.664,0.8,1.0,0.787,0.4,1.1,1.6,0.3,0.3,0.4,0.7,1.4,2.9
32,32,Esteban Batista,PF,23.0,ATL,13.0,0.0,6.2,0.6,1.2,0.5,0.0,0.0,0.0,0.6,1.2,0.5,0.5,0.3,0.5,0.5710000000000001,0.5,1.8,2.3,0.3,0.2,0.0,0.3,1.0,1.5
33,33,Tony Battie,PF,30.0,ORL,66.0,66.0,23.9,2.7,5.5,0.489,0.0,0.0,0.0,2.7,5.4,0.49,0.489,0.8,1.2,0.675,1.4,3.8,5.2,0.5,0.4,0.5,0.9,2.8,6.1
34,34,Shane Battier,SF,28.0,HOU,82.0,82.0,36.4,3.6,8.0,0.446,1.9,4.5,0.42100000000000004,1.6,3.4,0.48,0.5670000000000001,1.1,1.4,0.779,0.8,3.3,4.1,2.1,1.0,0.7,0.9,2.3,10.1
35,35,Charlie Bell,SG,27.0,MIL,82.0,64.0,34.7,5.2,11.9,0.4370000000000001,1.5,4.4,0.35200000000000004,3.6,7.5,0.488,0.503,1.6,2.0,0.78,0.7,2.2,2.9,3.0,1.2,0.0,1.3,2.6,13.5
36,36,Raja Bell,SG,30.0,PHO,78.0,78.0,37.4,5.3,12.2,0.4320000000000001,2.6,6.4,0.413,2.6,5.8,0.452,0.539,1.5,1.9,0.7759999999999999,0.6,2.6,3.2,2.5,0.6,0.3,1.1,3.0,14.7
37,37,Mike Bibby,PG,28.0,SAC,82.0,82.0,34.0,5.7,14.2,0.40399999999999997,2.1,5.9,0.36,3.6,8.4,0.435,0.478,3.5,4.2,0.83,0.5,2.7,3.2,4.7,1.1,0.1,2.4,1.7,17.1
38,38,Andris Biedriņš,C,20.0,GSW,82.0,63.0,29.0,4.2,7.1,0.599,0.0,0.0,0.0,4.2,7.1,0.599,0.599,1.1,2.0,0.521,3.1,6.2,9.3,1.1,0.8,1.7,1.5,3.7,9.5
39,39,Chauncey Billups,PG,30.0,DET,70.0,70.0,36.2,5.0,11.6,0.4270000000000001,1.6,4.5,0.345,3.4,7.1,0.479,0.494,5.5,6.2,0.883,0.3,3.1,3.4,7.2,1.2,0.2,2.0,2.3,17.0
40,40,Steve Blake,PG,26.0,TOT,82.0,42.0,27.1,2.5,6.2,0.41100000000000003,0.8,2.5,0.322,1.7,3.7,0.47200000000000003,0.47600000000000003,0.5,0.8,0.672,0.3,1.8,2.1,5.0,0.7,0.1,1.6,1.5,6.4
41,41,Will Blalock,PG,23.0,DET,14.0,0.0,11.9,0.6,2.1,0.3,0.1,0.4,0.2,0.6,1.8,0.32,0.317,0.4,0.4,1.0,0.4,0.6,1.1,1.2,0.4,0.0,0.9,0.6,1.8
42,42,Andray Blatche,PF,20.0,WAS,56.0,13.0,12.2,1.5,3.5,0.4370000000000001,0.1,0.5,0.14800000000000002,1.5,3.0,0.48200000000000004,0.447,0.5,0.9,0.612,1.4,2.0,3.4,0.7,0.3,0.6,0.9,1.7,3.7
43,43,Mark Blount,C,31.0,MIN,82.0,81.0,31.0,5.2,10.2,0.509,0.1,0.4,0.29,5.1,9.9,0.517,0.514,1.8,2.4,0.754,1.7,4.5,6.2,0.8,0.5,0.7,1.9,2.9,12.3
44,44,Keith Bogans,SG,26.0,ORL,59.0,18.0,16.8,1.7,4.2,0.40399999999999997,0.9,2.3,0.387,0.8,1.8,0.426,0.512,0.8,1.1,0.746,0.3,1.3,1.6,1.0,0.5,0.0,0.8,1.7,5.1
45,45,Andrew Bogut,C,22.0,MIL,66.0,66.0,34.2,5.3,9.5,0.5529999999999999,0.0,0.1,0.2,5.3,9.5,0.556,0.5539999999999999,1.7,2.9,0.5770000000000001,2.5,6.3,8.8,3.0,0.7,0.5,2.3,3.3,12.3
46,46,Matt Bonner,PF,26.0,SAS,56.0,0.0,11.7,1.9,4.2,0.447,0.6,1.7,0.38299999999999995,1.3,2.6,0.49,0.523,0.5,0.7,0.711,1.1,1.6,2.8,0.4,0.3,0.2,0.4,1.2,4.9
47,47,Josh Boone,PF,22.0,NJN,61.0,0.0,11.0,1.6,2.8,0.579,0.0,0.0,0.0,1.6,2.8,0.579,0.579,0.9,1.7,0.544,1.0,1.8,2.9,0.2,0.2,0.3,0.5,1.5,4.2
48,48,Calvin Booth,C,30.0,WAS,44.0,1.0,8.6,0.7,1.5,0.47,0.0,0.0,0.5,0.7,1.5,0.469,0.47700000000000004,0.1,0.2,0.6,0.6,1.2,1.8,0.4,0.1,0.7,0.2,1.6,1.6
49,49,Carlos Boozer,PF,25.0,UTA,74.0,74.0,34.6,8.7,15.6,0.561,0.0,0.0,0.0,8.7,15.6,0.561,0.561,3.4,5.0,0.685,3.2,8.5,11.7,3.0,0.9,0.3,2.6,2.9,20.9
50,50,Chris Bosh,C,22.0,TOR,69.0,69.0,38.5,7.9,15.9,0.496,0.2,0.5,0.34299999999999997,7.7,15.3,0.501,0.502,6.7,8.6,0.785,2.7,8.0,10.7,2.5,0.6,1.3,2.6,2.4,22.6
51,51,Bruce Bowen,SF,35.0,SAS,82.0,82.0,30.0,2.3,5.7,0.405,1.1,2.8,0.384,1.2,2.9,0.426,0.5,0.5,0.9,0.589,0.3,2.4,2.7,1.4,0.8,0.3,0.8,2.1,6.2
52,52,Earl Boykins,PG,30.0,TOT,66.0,23.0,30.8,4.9,11.7,0.42,1.4,3.6,0.397,3.5,8.0,0.43,0.48200000000000004,3.3,3.7,0.898,0.7,1.4,2.1,4.4,0.8,0.0,1.8,1.4,14.6
53,53,Cedric Bozeman,SG,23.0,ATL,23.0,5.0,8.7,0.5,1.7,0.282,0.1,0.6,0.154,0.4,1.1,0.34600000000000003,0.308,0.1,0.3,0.33299999999999996,0.1,0.9,1.0,0.4,0.2,0.1,0.4,1.4,1.1
54,54,Elton Brand,PF,27.0,LAC,80.0,80.0,38.5,8.1,15.1,0.5329999999999999,0.0,0.0,1.0,8.1,15.1,0.532,0.5329999999999999,4.4,5.8,0.7609999999999999,3.4,6.0,9.3,2.9,1.0,2.2,2.5,3.0,20.5
55,55,Ronnie Brewer,SG,21.0,UTA,56.0,14.0,12.1,1.8,3.4,0.528,0.0,0.2,0.0,1.8,3.3,0.5539999999999999,0.528,1.0,1.5,0.675,0.7,0.7,1.3,0.4,0.7,0.1,0.4,0.8,4.6
56,56,Primož Brezec,C,27.0,CHA,58.0,40.0,14.4,2.1,4.7,0.445,0.0,0.1,0.33299999999999996,2.1,4.7,0.446,0.447,0.7,1.2,0.632,1.4,1.8,3.2,0.4,0.2,0.4,0.7,2.8,5.0
57,57,Andre Brown,PF,25.0,SEA,38.0,0.0,7.1,1.1,1.9,0.568,0.0,0.0,0.0,1.1,1.9,0.575,0.568,0.2,0.4,0.6,0.7,1.3,1.9,0.1,0.2,0.1,0.8,0.7,2.4
58,58,Dee Brown,PG,22.0,UTA,49.0,0.0,9.2,0.7,2.0,0.327,0.1,0.6,0.214,0.5,1.4,0.371,0.35700000000000004,0.5,0.8,0.649,0.2,0.7,0.8,1.7,0.4,0.1,0.6,1.0,1.9
59,59,Devin Brown,SG,28.0,NOK,58.0,49.0,28.7,4.0,9.6,0.42,1.4,3.9,0.35700000000000004,2.6,5.7,0.46299999999999997,0.493,2.1,2.7,0.794,0.9,3.4,4.3,2.6,0.8,0.2,1.6,2.4,11.6
60,60,Kwame Brown,C,24.0,LAL,41.0,28.0,27.6,3.5,5.9,0.591,0.0,0.0,0.0,3.5,5.9,0.593,0.591,1.4,3.3,0.44,2.0,4.0,6.0,1.8,1.0,1.2,1.9,3.0,8.4
61,61,P.J. Brown,PF,37.0,CHI,72.0,49.0,20.2,2.4,5.8,0.40700000000000003,0.0,0.0,0.0,2.4,5.8,0.409,0.40700000000000003,1.3,1.7,0.787,1.8,3.0,4.8,0.7,0.3,0.7,1.2,2.6,6.1
62,62,Shannon Brown,SG,21.0,CLE,23.0,5.0,8.8,1.2,3.2,0.37799999999999995,0.3,1.1,0.28,0.9,2.1,0.429,0.426,0.4,0.6,0.7140000000000001,0.3,0.7,0.9,0.4,0.3,0.1,0.6,1.0,3.2
63,63,Kobe Bryant*,SG,28.0,LAL,77.0,77.0,40.8,10.6,22.8,0.46299999999999997,1.8,5.2,0.344,8.8,17.6,0.4970000000000001,0.502,8.7,10.0,0.868,1.0,4.7,5.7,5.4,1.4,0.5,3.3,2.7,31.6
64,64,Greg Buckner,SG,30.0,DAL,76.0,11.0,18.1,1.6,3.9,0.41100000000000003,0.4,1.4,0.311,1.2,2.6,0.46399999999999997,0.465,0.4,0.4,0.794,0.5,1.6,2.1,0.9,0.6,0.1,0.5,2.0,4.0
65,65,Pat Burke,C,33.0,PHO,23.0,0.0,7.1,1.0,2.8,0.354,0.3,1.0,0.273,0.7,1.9,0.395,0.4,0.3,0.6,0.615,0.5,1.5,2.0,0.2,0.1,0.1,0.3,0.8,2.6
66,66,Caron Butler,SF,26.0,WAS,63.0,63.0,39.3,7.2,15.5,0.46299999999999997,0.3,1.1,0.25,6.9,14.3,0.48,0.47200000000000003,4.5,5.2,0.863,2.3,5.1,7.4,3.7,2.1,0.3,2.9,3.0,19.1
67,67,Jackie Butler,C,21.0,SAS,11.0,2.0,9.4,1.5,3.2,0.457,0.0,0.0,0.0,1.5,3.2,0.457,0.457,0.8,0.9,0.9,0.5,1.5,2.0,0.5,0.2,0.0,0.9,1.5,3.7
68,68,Rasual Butler,SF,27.0,NOK,81.0,38.0,27.4,3.9,9.7,0.39799999999999996,1.7,4.5,0.369,2.2,5.2,0.424,0.484,0.7,1.1,0.644,0.5,2.6,3.2,0.8,0.5,0.7,0.8,1.8,10.1
69,69,Andrew Bynum,C,19.0,LAL,82.0,53.0,21.9,3.0,5.4,0.5579999999999999,0.0,0.0,0.0,3.0,5.4,0.561,0.5579999999999999,1.7,2.6,0.6679999999999999,1.7,4.2,5.9,1.1,0.1,1.6,1.4,3.0,7.8
70,70,José Calderón,PG,25.0,TOR,77.0,11.0,21.0,3.4,6.6,0.521,0.3,1.0,0.33299999999999996,3.1,5.6,0.5529999999999999,0.546,1.5,1.9,0.818,0.3,1.5,1.7,5.0,0.8,0.1,1.4,1.8,8.7
71,71,Marcus Camby,C,32.0,DEN,70.0,70.0,33.8,4.5,9.4,0.473,0.0,0.0,0.0,4.5,9.4,0.475,0.473,2.3,3.2,0.7290000000000001,2.3,9.3,11.7,3.2,1.2,3.3,1.7,2.6,11.2
72,72,Brian Cardinal,PF,29.0,MEM,28.0,1.0,11.2,1.5,3.0,0.494,0.6,1.6,0.409,0.9,1.5,0.585,0.6,0.9,1.0,0.9259999999999999,0.5,1.6,2.1,1.1,0.8,0.0,0.8,1.5,4.5
73,73,Rodney Carney,SF,22.0,PHI,67.0,35.0,17.4,2.7,5.9,0.46399999999999997,0.4,1.1,0.34700000000000003,2.3,4.8,0.491,0.496,0.8,1.3,0.609,0.6,1.3,1.9,0.4,0.6,0.3,0.6,1.8,6.6
74,74,Matt Carroll,SG,26.0,CHA,72.0,47.0,26.1,4.0,9.1,0.433,1.5,3.7,0.41600000000000004,2.4,5.4,0.445,0.517,2.6,2.9,0.904,0.5,2.4,2.9,1.3,0.7,0.1,1.0,2.4,12.1
75,75,Anthony Carter,PG,31.0,DEN,2.0,0.0,18.5,1.5,4.0,0.375,0.0,1.0,0.0,1.5,3.0,0.5,0.375,0.0,0.0,0.0,0.0,1.5,1.5,5.5,0.0,0.5,3.0,2.0,3.0
76,76,Vince Carter,SG,30.0,NJN,82.0,82.0,38.1,8.9,19.5,0.45399999999999996,1.9,5.3,0.35700000000000004,7.0,14.2,0.491,0.503,5.6,7.0,0.802,1.4,4.6,6.0,4.8,1.0,0.4,2.6,3.2,25.2
77,77,Sam Cassell,PG,37.0,LAC,58.0,30.0,24.3,4.5,10.8,0.418,0.6,1.9,0.294,3.9,8.9,0.444,0.44299999999999995,2.8,3.1,0.879,0.5,2.4,2.9,4.7,0.5,0.1,1.7,2.2,12.3
78,78,Kelvin Cato,C,32.0,NYK,18.0,0.0,5.3,0.4,1.2,0.318,0.0,0.0,0.0,0.4,1.2,0.318,0.318,0.4,0.7,0.667,0.7,1.1,1.7,0.0,0.2,0.6,0.3,0.6,1.2
79,79,Tyson Chandler,C,24.0,NOK,73.0,73.0,34.6,4.0,6.4,0.624,0.0,0.0,0.0,4.0,6.4,0.625,0.624,1.5,2.8,0.527,4.4,8.0,12.4,0.9,0.5,1.8,1.7,3.3,9.5
80,80,Josh Childress,SG,23.0,ATL,55.0,13.0,36.8,4.7,9.4,0.504,0.5,1.4,0.33799999999999997,4.3,8.0,0.5329999999999999,0.529,3.0,3.8,0.795,2.2,3.9,6.2,2.3,1.1,0.7,1.5,2.1,13.0
81,81,Doug Christie,SG,36.0,LAC,7.0,0.0,11.7,0.7,2.4,0.294,0.1,0.9,0.16699999999999998,0.6,1.6,0.364,0.324,0.3,0.4,0.667,0.4,1.1,1.6,1.1,0.4,0.1,0.7,1.6,1.9
82,82,Speedy Claxton,PG,28.0,ATL,42.0,31.0,25.1,2.2,6.6,0.327,0.1,0.7,0.214,2.0,6.0,0.34,0.33799999999999997,0.8,1.4,0.55,0.3,1.6,1.9,4.4,1.7,0.1,1.8,3.1,5.3
83,83,Jarron Collins,C,28.0,UTA,82.0,9.0,11.1,0.9,2.1,0.441,0.0,0.0,0.0,0.9,2.1,0.441,0.441,0.7,1.0,0.6509999999999999,0.9,1.2,2.1,0.7,0.2,0.1,0.5,1.8,2.5
84,84,Jason Collins,PF,28.0,NJN,80.0,78.0,23.1,0.7,1.9,0.364,0.0,0.0,0.0,0.7,1.9,0.369,0.364,0.7,1.6,0.465,1.1,2.8,4.0,0.6,0.5,0.5,0.9,3.4,2.1
85,85,Mardy Collins,SF,22.0,NYK,52.0,9.0,14.9,1.7,4.4,0.382,0.3,0.9,0.27699999999999997,1.4,3.5,0.409,0.41,0.9,1.6,0.585,0.5,1.5,2.0,1.6,0.6,0.1,1.1,1.4,4.5
86,86,Nick Collison,C,26.0,SEA,82.0,56.0,29.0,3.9,7.8,0.5,0.0,0.0,0.0,3.9,7.7,0.502,0.5,1.9,2.4,0.774,2.8,5.3,8.1,1.0,0.6,0.8,1.5,3.5,9.6
87,87,Will Conroy,PG-SG,24.0,TOT,7.0,0.0,7.4,0.0,0.4,0.0,0.0,0.0,0.0,0.0,0.4,0.0,0.0,0.0,0.6,0.0,0.4,0.6,1.0,1.3,0.0,0.0,0.3,1.0,0.0
88,88,Brian Cook,PF,26.0,LAL,65.0,24.0,15.7,2.8,6.3,0.45299999999999996,0.7,1.8,0.4,2.1,4.5,0.474,0.51,0.5,0.7,0.723,0.9,2.4,3.3,1.0,0.4,0.4,0.8,2.1,6.9
89,89,Jamal Crawford,SG,26.0,NYK,59.0,36.0,37.3,6.0,15.0,0.4,1.7,5.5,0.32,4.3,9.6,0.445,0.45799999999999996,3.9,4.6,0.838,0.7,2.5,3.2,4.4,1.0,0.1,2.7,1.9,17.6
90,90,Austin Croshere,PF,31.0,DAL,61.0,2.0,11.9,1.3,3.6,0.35100000000000003,0.4,1.5,0.28600000000000003,0.9,2.1,0.397,0.41,0.7,0.9,0.865,0.5,2.5,3.0,0.7,0.2,0.1,0.5,1.1,3.7
91,91,Eddy Curry,C,24.0,NYK,81.0,81.0,35.2,7.2,12.5,0.5760000000000001,0.0,0.0,1.0,7.2,12.5,0.575,0.5760000000000001,5.0,8.1,0.615,2.4,4.6,7.0,0.8,0.4,0.5,3.6,3.3,19.5
92,92,Samuel Dalembert,C,25.0,PHI,82.0,82.0,30.9,4.3,8.0,0.541,0.0,0.0,0.0,4.3,8.0,0.5429999999999999,0.541,2.0,2.7,0.746,2.9,6.0,8.9,0.8,0.6,1.9,2.0,3.5,10.7
93,93,Erick Dampier,C,31.0,DAL,76.0,73.0,25.2,2.8,4.4,0.626,0.0,0.0,0.0,2.8,4.4,0.626,0.626,1.6,2.5,0.623,2.9,4.6,7.4,0.6,0.3,1.1,1.4,3.1,7.1
94,94,Antonio Daniels,SG,31.0,WAS,80.0,8.0,22.0,2.2,4.9,0.442,0.2,0.8,0.302,1.9,4.1,0.469,0.467,2.6,3.1,0.8320000000000001,0.2,1.7,1.9,3.6,0.5,0.1,0.9,1.0,7.1
95,95,Marquis Daniels,SG,26.0,IND,45.0,4.0,17.8,2.9,6.2,0.45899999999999996,0.1,0.6,0.231,2.7,5.7,0.48200000000000004,0.47,1.2,1.8,0.7,0.6,1.2,1.8,1.3,0.6,0.2,1.2,1.2,7.1
96,96,Baron Davis,PG,27.0,GSW,63.0,62.0,35.3,7.2,16.3,0.439,1.3,4.4,0.304,5.8,11.9,0.489,0.48,4.4,5.9,0.745,0.8,3.6,4.4,8.1,2.1,0.5,3.1,2.9,20.1
97,97,Dale Davis,C,37.0,DET,46.0,6.0,10.1,0.7,1.6,0.446,0.0,0.0,0.0,0.7,1.6,0.446,0.446,0.4,0.6,0.654,1.3,1.7,3.0,0.3,0.2,0.7,0.3,1.3,1.8
98,98,Paul Davis,C,22.0,LAC,31.0,0.0,5.8,0.7,1.7,0.423,0.0,0.0,0.0,0.7,1.7,0.423,0.423,0.2,0.3,0.7,0.7,0.7,1.4,0.2,0.2,0.2,0.3,0.9,1.6
99,99,Ricky Davis,SF,27.0,MIN,81.0,81.0,37.3,6.2,13.4,0.465,1.5,3.8,0.397,4.7,9.6,0.4920000000000001,0.521,3.0,3.5,0.8390000000000001,0.7,3.2,3.9,4.8,1.0,0.3,2.6,2.3,17.0
100,100,Carlos Delfino,SG,24.0,DET,82.0,1.0,16.7,1.9,4.6,0.415,0.6,1.7,0.33299999999999996,1.3,2.9,0.462,0.47600000000000003,0.9,1.1,0.787,0.8,2.4,3.2,1.1,0.6,0.1,0.7,1.2,5.2
101,101,Luol Deng,SF,21.0,CHI,82.0,82.0,37.5,7.7,14.9,0.517,0.0,0.1,0.14300000000000002,7.7,14.8,0.519,0.518,3.4,4.4,0.777,1.8,5.3,7.1,2.5,1.2,0.6,1.9,2.0,18.8
102,102,Boris Diaw,PF,24.0,PHO,73.0,59.0,31.1,4.2,7.8,0.5379999999999999,0.2,0.6,0.33299999999999996,4.0,7.2,0.555,0.551,1.1,1.6,0.6829999999999999,1.2,3.1,4.3,4.8,0.4,0.5,2.1,2.4,9.7
103,103,Yakhouba Diawara,SG,24.0,DEN,64.0,19.0,18.4,1.6,4.6,0.342,0.8,2.7,0.28800000000000003,0.8,1.9,0.418,0.426,0.5,0.8,0.66,0.4,1.3,1.7,0.9,0.5,0.1,0.6,2.1,4.4
104,104,Dan Dickau,PG,28.0,POR,50.0,3.0,8.9,1.1,3.0,0.358,0.3,1.2,0.262,0.8,1.8,0.42200000000000004,0.41100000000000003,0.8,1.1,0.792,0.1,0.7,0.9,1.4,0.3,0.0,0.5,1.1,3.3
105,105,Travis Diener,PG,24.0,ORL,26.0,0.0,11.1,1.3,3.1,0.425,0.7,1.9,0.36,0.6,1.2,0.5329999999999999,0.5379999999999999,0.5,0.6,0.8,0.1,0.6,0.7,1.3,0.2,0.0,0.5,1.0,3.8
106,106,Ike Diogu,PF,23.0,TOT,59.0,2.0,12.9,2.2,4.5,0.47700000000000004,0.0,0.0,0.0,2.2,4.5,0.47700000000000004,0.47700000000000004,1.9,2.4,0.8,1.3,2.2,3.4,0.4,0.1,0.4,1.1,2.1,6.2
107,107,DeSagana Diop,C,25.0,DAL,81.0,9.0,18.3,0.9,1.9,0.47,0.0,0.0,0.0,0.9,1.9,0.473,0.47,0.6,1.1,0.5579999999999999,2.0,3.4,5.4,0.4,0.5,1.4,0.8,3.0,2.3
108,108,Juan Dixon,SG,28.0,TOT,81.0,6.0,23.8,3.7,8.7,0.425,1.0,2.8,0.35,2.7,5.9,0.461,0.48200000000000004,1.2,1.4,0.871,0.3,1.6,2.0,1.5,0.9,0.1,1.2,2.2,9.6
109,109,Michael Doleac,C,29.0,MIA,56.0,0.0,12.5,1.5,3.1,0.469,0.0,0.0,0.0,1.5,3.1,0.47100000000000003,0.469,0.6,0.7,0.878,0.8,2.0,2.8,0.4,0.3,0.3,0.5,1.7,3.6
110,110,Keyon Dooling,SG,26.0,ORL,66.0,2.0,21.7,2.8,6.9,0.41,0.5,1.5,0.32299999999999995,2.4,5.5,0.434,0.444,1.7,2.1,0.809,0.3,1.0,1.3,1.7,0.8,0.2,1.1,1.9,7.9
111,111,Quincy Douby,PG,22.0,SAC,42.0,0.0,8.5,1.1,3.0,0.381,0.3,1.2,0.24,0.9,1.8,0.474,0.429,0.3,0.4,0.733,0.3,0.6,0.9,0.4,0.4,0.1,0.4,0.5,2.8
112,112,Chris Duhon,PG,24.0,CHI,78.0,30.0,24.4,2.5,6.2,0.408,1.1,3.1,0.359,1.4,3.1,0.45799999999999996,0.499,1.0,1.3,0.752,0.3,1.9,2.2,4.0,0.9,0.1,1.3,1.9,7.2
113,113,Tim Duncan*,C,30.0,SAS,80.0,80.0,34.1,7.7,14.1,0.546,0.0,0.1,0.111,7.7,14.0,0.55,0.547,4.5,7.1,0.637,2.7,7.9,10.6,3.4,0.8,2.4,2.8,2.5,20.0
114,114,Mike Dunleavy,SG-PF,26.0,TOT,82.0,49.0,31.5,4.7,10.4,0.452,0.9,2.7,0.313,3.8,7.6,0.502,0.493,2.6,3.3,0.784,1.0,4.2,5.3,2.8,1.0,0.3,1.8,2.5,12.8
115,115,Ronald Dupree,SF,26.0,DET,19.0,0.0,4.9,0.6,1.6,0.355,0.0,0.0,0.0,0.6,1.6,0.355,0.355,0.2,0.5,0.33299999999999996,0.3,0.6,0.9,0.3,0.3,0.1,0.2,0.6,1.3
116,116,Monta Ellis,SG,21.0,GSW,77.0,53.0,34.3,6.2,13.1,0.475,0.5,1.9,0.273,5.7,11.3,0.509,0.495,3.5,4.6,0.763,0.8,2.4,3.2,4.1,1.7,0.3,2.9,2.7,16.5
117,117,Francisco Elson,C,30.0,SAS,70.0,41.0,19.0,2.1,4.0,0.511,0.0,0.0,0.0,2.1,4.0,0.514,0.511,0.9,1.1,0.775,1.2,3.6,4.8,0.8,0.4,0.8,1.2,2.6,5.0
118,118,Melvin Ely,PF-C,28.0,TOT,30.0,0.0,10.3,1.0,2.7,0.363,0.0,0.0,0.0,1.0,2.7,0.363,0.363,1.0,1.6,0.66,0.5,1.3,1.8,0.6,0.2,0.3,0.9,1.7,3.0
119,119,Maurice Evans,SG,28.0,LAL,76.0,10.0,22.8,3.1,7.1,0.4320000000000001,0.6,1.8,0.361,2.4,5.4,0.455,0.47600000000000003,1.6,2.0,0.787,1.2,1.7,2.9,1.0,0.5,0.2,0.8,1.7,8.4
120,120,Reggie Evans,PF,26.0,DEN,66.0,11.0,17.1,1.8,3.3,0.544,0.0,0.0,0.0,1.8,3.3,0.544,0.544,1.4,2.8,0.4970000000000001,2.4,4.6,7.0,0.7,0.6,0.2,1.4,2.2,4.9
121,121,Daniel Ewing,PG,23.0,LAC,61.0,3.0,11.7,1.1,2.6,0.40399999999999997,0.2,0.7,0.318,0.8,1.9,0.436,0.447,0.6,0.7,0.778,0.1,1.0,1.2,1.5,0.5,0.1,0.8,1.0,2.9
122,122,Jordan Farmar,PG,20.0,LAL,72.0,2.0,15.1,1.7,4.1,0.42200000000000004,0.6,1.9,0.32799999999999996,1.1,2.2,0.503,0.498,0.4,0.5,0.711,0.3,1.3,1.7,1.9,0.6,0.1,1.0,1.1,4.4
123,123,Desmon Farmer,SG,25.0,SEA,8.0,0.0,4.0,0.6,1.9,0.33299999999999996,0.3,1.0,0.25,0.4,0.9,0.429,0.4,0.1,0.1,1.0,0.0,0.1,0.1,1.1,0.1,0.0,0.1,0.3,1.6
124,124,Raymond Felton,PG,22.0,CHA,78.0,75.0,36.3,5.0,13.1,0.384,1.3,4.0,0.33,3.7,9.1,0.40700000000000003,0.434,2.6,3.3,0.797,0.7,2.8,3.4,7.0,1.5,0.1,2.9,2.3,14.0
125,125,Michael Finley,SF,33.0,SAS,82.0,16.0,22.2,3.3,8.1,0.41200000000000003,1.3,3.5,0.364,2.1,4.6,0.44799999999999995,0.49,1.1,1.2,0.9179999999999999,0.4,2.3,2.7,1.3,0.4,0.2,0.6,0.9,9.0
126,126,Derek Fisher,SG,32.0,UTA,82.0,61.0,27.9,3.1,8.2,0.382,0.6,1.9,0.308,2.6,6.3,0.405,0.418,3.2,3.7,0.853,0.4,1.5,1.8,3.3,1.0,0.1,1.5,2.9,10.1
127,127,T.J. Ford,PG,23.0,TOR,75.0,71.0,29.9,5.2,12.0,0.436,0.3,0.9,0.304,5.0,11.1,0.447,0.447,3.2,3.9,0.8190000000000001,0.7,2.4,3.1,7.9,1.3,0.1,3.1,2.5,14.0
128,128,Danny Fortson,C,30.0,SEA,14.0,6.0,11.3,1.1,2.1,0.5,0.0,0.1,0.0,1.1,2.1,0.517,0.5,0.7,0.9,0.769,0.9,2.1,3.1,0.1,0.1,0.0,1.1,2.7,2.9
129,129,Jeff Foster,C,30.0,IND,75.0,43.0,23.2,1.6,3.5,0.469,0.0,0.0,0.0,1.6,3.5,0.47100000000000003,0.469,1.0,1.6,0.639,3.4,4.7,8.1,0.8,0.8,0.5,0.9,2.7,4.3
130,130,Randy Foye,PG,23.0,MIN,82.0,12.0,22.9,3.7,8.4,0.434,0.8,2.3,0.368,2.8,6.2,0.45799999999999996,0.483,2.0,2.3,0.8540000000000001,0.6,2.1,2.7,2.8,0.6,0.3,1.9,2.2,10.1
131,131,Adonal Foyle,C,31.0,GSW,48.0,6.0,9.9,1.0,1.8,0.565,0.0,0.0,0.0,1.0,1.8,0.565,0.565,0.2,0.5,0.44,1.1,1.6,2.6,0.4,0.2,1.0,0.5,1.3,2.2
132,132,Steve Francis,SG,29.0,NYK,44.0,30.0,28.1,3.2,7.8,0.408,1.0,2.5,0.37799999999999995,2.2,5.3,0.42200000000000004,0.469,4.0,4.8,0.8290000000000001,0.8,2.8,3.6,3.9,0.9,0.3,2.3,2.9,11.3
133,133,Matt Freije,PF,25.0,ATL,19.0,0.0,7.7,0.8,2.8,0.29600000000000004,0.2,1.2,0.136,0.7,1.7,0.406,0.324,0.3,0.3,0.833,0.4,0.8,1.3,0.4,0.2,0.1,0.2,0.7,2.1
134,134,Channing Frye,PF,23.0,NYK,72.0,59.0,26.3,4.1,9.6,0.433,0.0,0.3,0.16699999999999998,4.1,9.3,0.44,0.435,1.2,1.5,0.787,1.3,4.2,5.5,0.9,0.5,0.6,1.4,3.0,9.5
135,135,Dan Gadzuric,C,28.0,MIL,54.0,8.0,15.6,2.0,4.2,0.474,0.0,0.0,0.0,2.0,4.2,0.47600000000000003,0.474,0.8,1.7,0.467,1.7,2.8,4.6,0.5,0.4,0.6,0.9,2.6,4.8
136,136,Jorge Garbajosa,PF,29.0,TOR,67.0,60.0,28.5,3.3,7.9,0.42,1.0,2.9,0.342,2.3,5.0,0.46399999999999997,0.48200000000000004,0.9,1.2,0.731,0.7,4.2,4.9,1.9,1.2,0.2,1.0,1.3,8.5
137,137,Francisco García,SF,25.0,SAC,79.0,5.0,17.8,2.1,4.8,0.429,0.7,1.9,0.35600000000000004,1.4,2.9,0.47600000000000003,0.499,1.2,1.4,0.833,0.7,1.9,2.6,1.1,0.6,0.5,0.9,2.4,6.0
138,138,Kevin Garnett*,PF,30.0,MIN,76.0,76.0,39.4,8.4,17.6,0.47600000000000003,0.2,0.7,0.214,8.2,16.9,0.48700000000000004,0.48,5.5,6.6,0.835,2.4,10.4,12.8,4.1,1.2,1.7,2.7,2.4,22.4
139,139,Pat Garrity,PF,30.0,ORL,33.0,0.0,8.4,0.7,2.1,0.314,0.3,1.0,0.344,0.3,1.2,0.289,0.39299999999999996,0.5,0.5,0.889,0.4,0.9,1.3,0.4,0.2,0.0,0.4,1.1,2.2
140,140,Pau Gasol,C,26.0,MEM,59.0,59.0,36.2,7.8,14.5,0.5379999999999999,0.1,0.2,0.273,7.8,14.4,0.542,0.54,5.1,6.8,0.748,2.5,7.3,9.8,3.4,0.5,2.1,2.7,2.3,20.8
141,141,Rudy Gay,SF,20.0,MEM,78.0,43.0,27.0,4.1,9.7,0.42200000000000004,0.7,1.8,0.364,3.4,7.9,0.436,0.457,1.9,2.7,0.727,1.2,3.3,4.5,1.3,0.9,0.9,1.8,2.5,10.8
142,142,Mickaël Gelabale,SF,23.0,SEA,70.0,14.0,17.7,1.7,3.8,0.462,0.2,0.7,0.23399999999999999,1.6,3.1,0.512,0.483,0.9,1.2,0.805,0.8,1.6,2.5,0.8,0.3,0.3,0.7,1.5,4.6
143,143,Devean George,SF,29.0,DAL,60.0,17.0,21.4,2.4,6.2,0.395,0.9,2.5,0.353,1.6,3.7,0.423,0.466,0.6,0.8,0.75,1.0,2.6,3.6,0.6,0.8,0.4,0.9,2.4,6.4
144,144,Daniel Gibson,PG,20.0,CLE,60.0,16.0,16.5,1.6,3.9,0.424,0.9,2.1,0.419,0.8,1.8,0.43,0.537,0.5,0.7,0.718,0.5,1.1,1.5,1.2,0.4,0.1,0.7,1.6,4.6
145,145,Manu Ginóbili,SG,29.0,SAS,75.0,36.0,27.5,5.3,11.4,0.46399999999999997,1.7,4.3,0.396,3.6,7.1,0.505,0.539,4.3,5.0,0.86,0.8,3.6,4.4,3.5,1.5,0.4,2.1,2.1,16.5
146,146,Gordan Giriček,SG,29.0,UTA,61.0,6.0,19.5,2.9,6.2,0.462,0.9,2.0,0.426,2.0,4.2,0.479,0.53,1.2,1.4,0.816,0.4,1.7,2.1,1.0,0.5,0.1,1.0,2.0,7.8
147,147,Andreas Glyniadakis,C,25.0,SEA,13.0,4.0,6.2,0.6,1.3,0.47100000000000003,0.0,0.0,0.0,0.6,1.3,0.47100000000000003,0.47100000000000003,0.1,0.2,0.5,0.2,0.5,0.6,0.1,0.0,0.0,0.7,1.5,1.3
148,148,Ryan Gomes,PF,24.0,BOS,73.0,60.0,31.2,4.6,9.9,0.467,0.2,0.6,0.381,4.4,9.3,0.473,0.479,2.6,3.2,0.8109999999999999,1.7,3.9,5.6,1.6,0.7,0.2,1.4,2.3,12.1
149,149,Drew Gooden,PF,25.0,CLE,80.0,80.0,28.0,4.6,9.8,0.473,0.0,0.1,0.16699999999999998,4.6,9.7,0.47600000000000003,0.474,1.8,2.5,0.7140000000000001,3.3,5.2,8.5,1.1,0.9,0.4,1.4,2.6,11.1
150,150,Ben Gordon,SG,23.0,CHI,82.0,51.0,33.0,7.4,16.3,0.455,1.9,4.6,0.413,5.5,11.7,0.47100000000000003,0.513,4.6,5.4,0.8640000000000001,0.4,2.7,3.1,3.6,0.8,0.2,3.0,3.1,21.4
151,151,Joey Graham,SF,24.0,TOR,79.0,21.0,16.7,2.4,4.9,0.495,0.1,0.4,0.29,2.3,4.5,0.513,0.506,1.4,1.7,0.84,0.7,2.4,3.1,0.6,0.4,0.1,0.6,2.0,6.4
152,152,Stephen Graham,SG,24.0,POR,14.0,1.0,11.8,1.2,2.9,0.425,0.2,0.8,0.273,1.0,2.1,0.483,0.46299999999999997,0.6,0.6,0.889,0.4,1.1,1.5,0.4,0.3,0.1,0.9,1.8,3.2
153,153,Danny Granger,SF,23.0,IND,82.0,57.0,34.0,4.9,10.6,0.45899999999999996,1.3,3.5,0.382,3.5,7.1,0.4970000000000001,0.522,2.9,3.6,0.8029999999999999,1.4,3.3,4.6,1.4,0.8,0.7,1.6,3.0,13.9
154,154,Gerald Green,SF,21.0,BOS,81.0,26.0,22.0,3.8,9.1,0.419,1.2,3.2,0.368,2.7,5.9,0.447,0.484,1.6,2.0,0.805,0.8,1.7,2.6,1.0,0.5,0.3,1.5,2.4,10.4
155,155,Willie Green,SG,25.0,PHI,74.0,36.0,24.9,4.8,11.7,0.41100000000000003,0.7,2.1,0.325,4.1,9.6,0.43,0.441,1.0,1.5,0.667,0.6,1.6,2.1,1.5,0.8,0.1,1.4,1.9,11.3
156,156,Orien Greene,SG,24.0,IND,41.0,0.0,6.2,0.6,1.5,0.371,0.0,0.3,0.182,0.5,1.2,0.41200000000000003,0.387,0.4,0.6,0.6,0.3,0.8,1.1,0.5,0.4,0.1,0.7,0.9,1.5
157,157,Lynn Greer,SG,27.0,MIL,41.0,0.0,10.5,1.5,3.4,0.433,0.4,1.3,0.34600000000000003,1.0,2.2,0.483,0.496,0.7,0.8,0.8440000000000001,0.0,0.6,0.7,1.3,0.4,0.0,0.4,0.8,4.1
158,158,Adrian Griffin,SF,32.0,CHI,54.0,1.0,10.8,1.1,2.4,0.473,0.0,0.1,0.0,1.1,2.3,0.496,0.473,0.3,0.4,0.789,0.7,1.3,2.0,1.1,0.6,0.1,0.7,1.4,2.5
159,159,Eddie Griffin,PF,24.0,MIN,13.0,0.0,7.1,0.5,2.1,0.259,0.0,0.1,0.0,0.5,2.0,0.26899999999999996,0.259,0.3,0.4,0.8,0.5,1.4,1.9,0.3,0.0,0.5,0.5,0.6,1.4
160,160,Mike Hall,SF,22.0,WAS,2.0,0.0,6.5,0.5,2.0,0.25,0.0,0.0,0.0,0.5,2.0,0.25,0.25,0.0,0.0,0.0,0.5,0.5,1.0,0.5,0.0,0.0,0.0,0.5,1.0
161,161,Richard Hamilton,SG,28.0,DET,75.0,75.0,36.8,7.3,15.6,0.46799999999999997,0.6,1.7,0.341,6.7,13.9,0.483,0.486,4.6,5.4,0.861,1.0,2.8,3.8,3.8,0.8,0.2,2.1,3.1,19.8
162,162,Matt Harpring,SF,30.0,UTA,77.0,2.0,25.5,4.2,8.5,0.491,0.2,0.5,0.33299999999999996,4.0,8.0,0.501,0.501,3.1,4.0,0.767,1.5,3.1,4.6,1.3,0.7,0.1,1.5,3.0,11.6
163,163,Al Harrington,PF,26.0,TOT,78.0,78.0,32.9,6.3,13.9,0.457,1.6,3.8,0.433,4.7,10.1,0.466,0.516,2.2,3.1,0.6940000000000001,1.9,4.4,6.4,1.9,0.8,0.3,2.2,3.4,16.5
164,164,Junior Harrington,PG,26.0,MEM,29.0,8.0,18.7,2.0,4.7,0.41600000000000004,0.2,0.9,0.26899999999999996,1.7,3.8,0.45,0.442,1.1,1.6,0.674,0.4,1.9,2.3,3.1,0.7,0.2,1.8,2.7,5.2
165,165,Othella Harrington,PF,33.0,CHA,26.0,0.0,8.5,1.0,2.2,0.446,0.0,0.0,0.0,1.0,2.2,0.446,0.446,0.7,0.8,0.773,0.5,1.0,1.5,0.2,0.0,0.0,0.6,1.9,2.6
166,166,Devin Harris,PG,23.0,DAL,80.0,61.0,26.0,3.7,7.4,0.4920000000000001,0.2,0.6,0.28,3.5,6.8,0.512,0.504,2.7,3.3,0.8240000000000001,0.6,1.9,2.5,3.7,1.2,0.3,1.8,3.0,10.2
167,167,David Harrison,C,24.0,IND,24.0,2.0,7.9,1.3,2.4,0.517,0.0,0.0,0.0,1.3,2.4,0.517,0.517,0.5,0.9,0.5,0.4,1.4,1.8,0.3,0.2,0.5,1.1,2.0,3.0
168,168,Jason Hart,PG,28.0,TOT,36.0,22.0,23.5,2.8,6.2,0.446,0.2,0.8,0.24100000000000002,2.6,5.4,0.47700000000000004,0.462,1.2,1.3,0.894,0.4,2.3,2.7,2.9,1.2,0.0,1.1,2.3,6.9
169,169,Udonis Haslem,PF,26.0,MIA,79.0,79.0,31.4,4.5,9.1,0.4920000000000001,0.0,0.1,0.0,4.5,9.0,0.495,0.4920000000000001,1.7,2.6,0.68,2.4,5.9,8.3,1.2,0.6,0.3,1.4,3.0,10.7
170,170,Trenton Hassell,SG,27.0,MIN,76.0,68.0,29.3,2.9,5.8,0.49,0.1,0.3,0.24,2.8,5.5,0.505,0.4970000000000001,0.9,1.2,0.7829999999999999,1.1,2.1,3.2,2.7,0.3,0.3,1.1,1.9,6.7
171,171,Chuck Hayes,PF,23.0,HOU,78.0,43.0,22.0,2.5,4.3,0.573,0.0,0.0,0.0,2.5,4.3,0.573,0.573,0.7,1.1,0.618,2.6,4.1,6.7,0.6,0.9,0.2,0.8,3.6,5.6
172,172,Jarvis Hayes,SF,25.0,WAS,81.0,17.0,20.1,2.8,6.7,0.41,0.8,2.3,0.361,2.0,4.5,0.435,0.47100000000000003,0.9,1.0,0.845,0.5,2.1,2.6,1.0,0.6,0.2,0.7,2.0,7.2
173,173,Brendan Haywood,C,27.0,WAS,77.0,49.0,22.6,2.6,4.6,0.5579999999999999,0.0,0.0,0.0,2.6,4.6,0.5579999999999999,0.5579999999999999,1.5,2.7,0.5479999999999999,2.5,3.7,6.2,0.6,0.4,1.1,1.2,2.7,6.6
174,174,Luther Head,SG,24.0,HOU,80.0,10.0,27.6,3.8,8.8,0.4370000000000001,2.2,5.0,0.441,1.6,3.7,0.431,0.564,1.0,1.3,0.79,0.4,2.8,3.2,2.4,1.0,0.1,1.7,1.7,10.9
175,175,Alan Henderson,PF,34.0,PHI,38.0,5.0,11.0,1.1,1.8,0.642,0.0,0.0,0.0,1.1,1.8,0.642,0.642,0.9,1.2,0.7020000000000001,1.3,1.6,2.8,0.3,0.2,0.3,0.3,1.6,3.1
176,176,Walter Herrmann,PF,27.0,CHA,48.0,12.0,19.5,3.6,6.9,0.527,1.1,2.4,0.461,2.5,4.5,0.563,0.608,0.9,1.1,0.774,0.6,2.3,2.9,0.5,0.4,0.1,0.7,1.6,9.2
177,177,Nenê,C,24.0,DEN,64.0,42.0,26.8,4.6,8.1,0.57,0.0,0.0,0.0,4.6,8.0,0.5710000000000001,0.57,3.0,4.4,0.6890000000000001,2.3,4.7,7.0,1.2,1.0,0.9,2.0,3.3,12.2
178,178,Grant Hill*,SG,34.0,ORL,65.0,64.0,30.9,5.3,10.2,0.518,0.0,0.2,0.16699999999999998,5.2,10.0,0.525,0.52,3.8,5.0,0.765,0.8,2.8,3.6,2.1,0.9,0.4,2.2,2.2,14.4
179,179,Kirk Hinrich,PG,26.0,CHI,80.0,80.0,35.5,5.9,13.3,0.44799999999999995,1.8,4.2,0.415,4.2,9.1,0.46299999999999997,0.514,3.0,3.6,0.835,0.4,3.0,3.4,6.3,1.3,0.3,2.4,3.4,16.6
180,180,Robert Hite,SG,23.0,MIA,12.0,0.0,11.3,1.6,5.0,0.317,0.4,1.9,0.217,1.2,3.1,0.37799999999999995,0.358,0.7,1.0,0.667,0.3,1.0,1.3,0.7,0.3,0.2,0.5,0.7,4.3
181,181,Julius Hodge,SG,23.0,TOT,9.0,1.0,7.2,0.7,1.3,0.5,0.0,0.0,0.0,0.7,1.3,0.5,0.5,0.3,0.4,0.75,0.2,0.7,0.9,1.3,0.4,0.0,0.3,0.7,1.7
182,182,Ryan Hollins,C,22.0,CHA,27.0,0.0,6.9,0.7,1.3,0.556,0.0,0.0,0.0,0.7,1.3,0.556,0.556,0.9,1.5,0.6,0.4,0.7,1.1,0.0,0.1,0.3,0.6,1.5,2.4
183,183,Robert Horry,PF,36.0,SAS,68.0,8.0,16.5,1.3,3.7,0.359,0.7,2.2,0.336,0.6,1.5,0.392,0.45799999999999996,0.6,0.9,0.594,1.1,2.3,3.4,1.1,0.7,0.6,0.6,1.5,3.9
184,184,Eddie House,SG,28.0,NJN,56.0,1.0,16.9,3.2,7.5,0.428,1.3,3.1,0.429,1.9,4.4,0.4270000000000001,0.517,0.6,0.6,0.917,0.3,1.4,1.6,1.2,0.5,0.1,0.5,1.2,8.4
185,185,Dwight Howard,C,21.0,ORL,82.0,82.0,36.9,6.4,10.6,0.603,0.0,0.0,0.5,6.4,10.6,0.603,0.603,4.8,8.1,0.586,3.5,8.8,12.3,1.9,0.9,1.9,3.9,3.0,17.6
186,186,Josh Howard,SF,26.0,DAL,70.0,69.0,35.1,7.0,15.4,0.45899999999999996,1.3,3.4,0.385,5.7,11.9,0.48,0.501,3.5,4.2,0.8270000000000001,1.9,4.9,6.8,1.8,1.2,0.8,1.8,2.6,18.9
187,187,Juwan Howard,PF,33.0,HOU,80.0,38.0,26.5,3.9,8.3,0.465,0.0,0.0,0.0,3.9,8.3,0.465,0.465,1.9,2.4,0.8240000000000001,1.7,4.2,5.9,1.6,0.4,0.1,1.4,2.6,9.7
188,188,Troy Hudson,PG,30.0,MIN,34.0,6.0,16.3,2.2,5.7,0.379,0.8,2.4,0.35,1.4,3.4,0.4,0.451,0.8,0.9,0.813,0.2,1.2,1.4,2.1,0.4,0.1,1.2,0.7,5.9
189,189,Larry Hughes,SG,28.0,CLE,70.0,68.0,37.1,5.4,13.6,0.4,1.1,3.2,0.33299999999999996,4.4,10.4,0.42,0.439,3.0,4.4,0.6759999999999999,0.6,3.2,3.8,3.7,1.3,0.4,2.2,2.3,14.9
190,190,Kris Humphries,PF,21.0,TOR,60.0,2.0,11.2,1.5,3.1,0.47,0.0,0.0,0.0,1.5,3.1,0.47,0.47,0.9,1.3,0.6709999999999999,1.3,1.8,3.1,0.3,0.2,0.4,0.5,1.6,3.8
191,191,Lindsey Hunter,PG,36.0,DET,52.0,0.0,14.3,1.8,4.7,0.385,0.7,2.3,0.319,1.1,2.4,0.44799999999999995,0.46299999999999997,0.6,0.6,0.909,0.2,0.7,0.9,1.8,0.7,0.1,0.7,1.1,4.9
192,192,Steven Hunter,PF,25.0,PHI,70.0,41.0,22.9,2.7,4.7,0.5770000000000001,0.0,0.0,0.0,2.7,4.7,0.5770000000000001,0.5770000000000001,1.1,2.2,0.49,1.6,3.2,4.8,0.4,0.2,1.1,0.9,2.0,6.4
193,193,Andre Iguodala,SG,23.0,PHI,76.0,76.0,40.3,5.8,13.0,0.447,0.6,2.0,0.31,5.2,11.0,0.47200000000000003,0.47100000000000003,5.9,7.3,0.82,1.0,4.7,5.7,5.7,2.0,0.4,3.4,2.6,18.2
194,194,Zydrunas Ilgauskas,C,31.0,CLE,78.0,78.0,27.3,4.9,10.2,0.485,0.0,0.0,0.0,4.9,10.2,0.486,0.485,2.0,2.5,0.807,3.1,4.6,7.7,1.6,0.6,1.3,1.8,3.3,11.9
195,195,Mile Ilić,C,22.0,NJN,5.0,0.0,1.2,0.0,0.6,0.0,0.0,0.0,0.0,0.0,0.6,0.0,0.0,0.0,0.0,0.0,0.0,0.2,0.2,0.0,0.0,0.0,0.6,0.2,0.0
196,196,D.J. Mbenga,C,26.0,DAL,21.0,0.0,3.8,0.2,0.8,0.313,0.0,0.0,0.0,0.2,0.8,0.313,0.313,0.3,0.4,0.875,0.1,0.4,0.5,0.3,0.1,0.2,0.2,0.8,0.8
197,197,Ersan İlyasova,PF,19.0,MIL,66.0,14.0,14.7,2.1,5.5,0.38299999999999995,0.8,2.2,0.365,1.3,3.3,0.395,0.457,1.1,1.3,0.787,0.9,2.0,2.9,0.7,0.4,0.3,0.8,2.2,6.1
198,198,Allen Iverson*,SG-PG,31.0,TOT,65.0,64.0,42.5,8.9,20.2,0.442,1.0,3.0,0.315,8.0,17.2,0.465,0.466,7.5,9.4,0.795,0.4,2.6,3.0,7.2,1.9,0.2,4.1,1.5,26.3
199,199,Royal Ivey,PG,25.0,ATL,53.0,18.0,10.2,1.2,2.7,0.44799999999999995,0.1,0.3,0.313,1.1,2.4,0.465,0.465,0.5,0.7,0.6859999999999999,0.3,0.7,1.0,0.8,0.5,0.1,0.6,1.2,3.0
200,200,Jarrett Jack,PG,23.0,POR,79.0,79.0,33.6,4.1,8.9,0.45399999999999996,0.8,2.3,0.35,3.3,6.6,0.49,0.499,3.1,3.5,0.871,0.2,2.4,2.6,5.3,1.1,0.1,2.4,2.6,12.0
201,201,Bobby Jackson,SG,33.0,NOK,56.0,2.0,23.8,3.6,9.3,0.39399999999999996,1.0,2.9,0.327,2.7,6.3,0.425,0.446,2.3,3.0,0.774,0.8,2.4,3.2,2.5,0.9,0.1,1.4,1.8,10.6
202,202,Luke Jackson,SF,25.0,TOT,13.0,2.0,10.6,1.5,3.3,0.442,0.4,1.3,0.294,1.1,2.0,0.5379999999999999,0.5,0.4,0.7,0.556,0.2,0.6,0.8,1.0,0.4,0.1,0.5,1.2,3.7
203,203,Marc Jackson,PF,32.0,NOK,56.0,25.0,18.3,2.8,6.9,0.41,0.0,0.0,0.0,2.8,6.9,0.41100000000000003,0.41,1.6,1.8,0.8740000000000001,1.1,2.3,3.4,1.0,0.4,0.1,1.2,1.6,7.3
204,204,Stephen Jackson,SF-SG,28.0,TOT,75.0,69.0,33.1,5.5,12.6,0.433,1.3,4.1,0.322,4.1,8.4,0.488,0.486,3.2,4.0,0.813,0.8,2.1,3.0,3.8,1.1,0.5,2.4,2.7,15.5
205,205,Jerome James,C,31.0,NYK,41.0,11.0,6.7,0.8,1.9,0.418,0.0,0.0,0.0,0.8,1.9,0.418,0.418,0.2,0.4,0.556,0.5,1.1,1.6,0.1,0.1,0.4,0.6,1.8,1.9
206,206,LeBron James,SF,22.0,CLE,78.0,78.0,40.9,9.9,20.8,0.47600000000000003,1.3,4.0,0.319,8.6,16.8,0.513,0.507,6.3,9.0,0.698,1.1,5.7,6.7,6.0,1.6,0.7,3.2,2.2,27.3
207,207,Mike James,PG,31.0,MIN,82.0,65.0,25.2,3.6,8.6,0.42200000000000004,1.0,2.6,0.3720000000000001,2.6,6.0,0.445,0.479,1.9,2.2,0.8370000000000001,0.3,1.7,2.0,3.6,0.7,0.1,1.6,2.1,10.1
208,208,Antawn Jamison,PF,30.0,WAS,70.0,70.0,38.0,7.3,16.3,0.45,2.0,5.4,0.364,5.3,10.9,0.4920000000000001,0.51,3.2,4.4,0.736,1.9,6.1,8.0,1.9,1.1,0.5,1.5,2.8,19.8
209,209,Marko Jarić,SG,28.0,MIN,70.0,13.0,22.2,1.9,4.6,0.418,0.5,1.2,0.376,1.5,3.4,0.433,0.46799999999999997,1.0,1.3,0.7609999999999999,0.8,1.9,2.6,2.1,1.1,0.2,1.3,2.5,5.3
210,210,Šarūnas Jasikevičius,SG-PG,30.0,TOT,63.0,3.0,15.4,2.0,5.1,0.39799999999999996,0.7,2.1,0.33799999999999997,1.3,3.0,0.43799999999999994,0.466,1.4,1.5,0.905,0.2,0.9,1.1,2.7,0.4,0.0,1.4,1.2,6.1
211,211,Al Jefferson,C,22.0,BOS,69.0,60.0,33.6,6.6,12.8,0.514,0.0,0.0,0.0,6.6,12.8,0.514,0.514,2.9,4.3,0.6809999999999999,3.4,7.5,11.0,1.3,0.7,1.5,2.0,3.4,16.0
212,212,Richard Jefferson,SF,26.0,NJN,55.0,53.0,35.6,5.5,12.1,0.456,0.9,2.6,0.359,4.6,9.5,0.483,0.495,4.3,5.9,0.733,0.9,3.5,4.4,2.7,0.6,0.1,2.2,2.2,16.3
213,213,Jared Jeffries,SF,25.0,NYK,55.0,43.0,23.8,1.7,3.7,0.461,0.0,0.4,0.1,1.7,3.4,0.5,0.466,0.6,1.2,0.456,2.0,2.3,4.3,1.2,0.8,0.5,1.1,2.7,4.1
214,214,Alexander Johnson,PF,23.0,MEM,59.0,19.0,12.8,1.5,2.9,0.5379999999999999,0.0,0.0,0.0,1.5,2.9,0.5379999999999999,0.5379999999999999,1.3,2.0,0.6609999999999999,0.8,2.2,3.1,0.3,0.4,0.6,0.8,2.3,4.4
215,215,Amir Johnson,PF,19.0,DET,8.0,0.0,15.5,2.3,4.1,0.545,0.0,0.4,0.0,2.3,3.8,0.6,0.545,1.4,1.8,0.7859999999999999,1.9,2.8,4.6,0.4,0.6,1.6,1.1,2.4,5.9
216,216,Anthony Johnson,PG,32.0,TOT,67.0,17.0,19.4,2.1,5.1,0.414,0.4,1.1,0.342,1.7,4.0,0.433,0.45,0.7,0.9,0.754,0.3,1.2,1.5,3.0,0.5,0.0,1.1,1.8,5.3
217,217,DerMarr Johnson,SF,26.0,DEN,39.0,7.0,10.7,1.3,3.9,0.325,0.5,2.3,0.21600000000000005,0.8,1.7,0.47,0.386,0.4,0.5,0.762,0.3,1.2,1.5,0.4,0.4,0.3,0.7,1.0,3.5
218,218,Joe Johnson,SG,25.0,ATL,57.0,57.0,41.4,9.4,20.0,0.47100000000000003,2.1,5.5,0.381,7.3,14.5,0.504,0.523,4.1,5.5,0.748,0.9,3.3,4.2,4.4,1.1,0.2,3.1,2.0,25.0
219,219,Linton Johnson,PF,26.0,NOK,54.0,0.0,13.3,1.7,3.5,0.489,0.2,0.6,0.33299999999999996,1.5,3.0,0.519,0.516,0.6,0.7,0.8109999999999999,1.0,2.1,3.0,0.3,0.6,0.3,0.5,1.9,4.2
220,220,Bobby Jones,SF,23.0,PHI,44.0,5.0,7.6,1.0,2.1,0.462,0.0,0.2,0.111,1.0,1.9,0.5,0.46799999999999997,0.5,0.9,0.561,0.5,0.8,1.3,0.4,0.3,0.0,0.4,1.3,2.5
221,221,Dahntay Jones,SG,26.0,MEM,78.0,25.0,21.4,2.8,5.9,0.47700000000000004,0.1,0.2,0.41700000000000004,2.8,5.8,0.479,0.483,1.8,2.2,0.7929999999999999,0.6,1.4,2.0,0.9,0.5,0.3,1.2,2.5,7.5
222,222,Damon Jones,PG,30.0,CLE,60.0,0.0,19.6,2.3,5.9,0.386,1.5,3.9,0.385,0.8,2.1,0.387,0.511,0.5,0.7,0.682,0.2,1.0,1.1,1.6,0.3,0.0,0.6,0.9,6.6
223,223,Dwayne Jones,PF,23.0,CLE,4.0,0.0,4.5,0.0,0.3,0.0,0.0,0.0,0.0,0.0,0.3,0.0,0.0,0.8,1.5,0.5,0.3,1.3,1.5,0.0,0.0,0.0,0.5,0.8,0.8
224,224,Eddie Jones,SG,35.0,TOT,64.0,41.0,24.9,2.8,6.6,0.42200000000000004,1.2,3.5,0.35100000000000003,1.6,3.1,0.5,0.514,0.9,1.2,0.787,0.5,2.5,3.0,1.7,1.1,0.2,0.7,1.9,7.7
225,225,Fred Jones,SG,27.0,TOT,63.0,12.0,20.9,2.2,5.7,0.385,0.6,2.0,0.305,1.6,3.7,0.429,0.439,1.5,1.8,0.833,0.4,1.5,1.8,1.7,0.8,0.3,1.1,1.9,6.5
226,226,James Jones,SF,26.0,PHO,76.0,7.0,18.1,2.1,5.8,0.368,1.2,3.1,0.37799999999999995,0.9,2.7,0.35600000000000004,0.47,0.9,1.1,0.877,0.4,1.9,2.3,0.6,0.4,0.6,0.4,1.5,6.4
227,227,Jumaine Jones,SF,27.0,PHO,18.0,0.0,7.7,0.8,2.8,0.275,0.6,1.8,0.313,0.2,1.1,0.21100000000000002,0.373,0.1,0.1,1.0,0.3,0.9,1.3,0.1,0.3,0.1,0.4,1.1,2.2
228,228,Solomon Jones,PF,22.0,ATL,58.0,8.0,11.5,1.1,2.2,0.508,0.0,0.0,0.0,1.1,2.2,0.512,0.508,1.0,1.3,0.787,0.8,1.5,2.3,0.2,0.2,0.7,0.4,2.1,3.3
229,229,Chris Kaman,C,24.0,LAC,75.0,66.0,29.0,3.9,8.7,0.451,0.0,0.0,0.0,3.9,8.7,0.452,0.451,2.2,3.0,0.741,2.1,5.7,7.8,1.1,0.5,1.5,2.0,3.3,10.1
230,230,Jason Kapono,SF,25.0,MIA,67.0,35.0,26.4,4.1,8.4,0.494,1.6,3.1,0.514,2.5,5.3,0.48200000000000004,0.59,1.0,1.1,0.892,0.4,2.3,2.7,1.2,0.6,0.0,1.0,2.0,10.9
231,231,Viktor Khryapa,PF,24.0,CHI,33.0,0.0,7.0,0.8,2.1,0.386,0.0,0.2,0.0,0.8,1.9,0.42200000000000004,0.386,0.6,0.8,0.731,0.6,1.1,1.7,0.6,0.3,0.0,0.5,1.6,2.2
232,232,Jason Kidd*,PG,33.0,NJN,80.0,80.0,36.7,4.6,11.4,0.406,1.6,4.5,0.34299999999999997,3.1,6.8,0.44799999999999995,0.475,2.2,2.9,0.778,1.7,6.5,8.2,9.2,1.6,0.3,2.7,1.8,13.0
233,233,Tarence Kinsey,SG,22.0,MEM,48.0,12.0,20.1,2.9,6.3,0.457,0.3,1.0,0.28300000000000003,2.6,5.4,0.488,0.479,1.6,2.0,0.7959999999999999,0.6,1.4,2.0,0.9,1.1,0.0,1.0,1.2,7.7
234,234,Andrei Kirilenko,SF,25.0,UTA,70.0,70.0,29.3,2.8,6.0,0.47100000000000003,0.2,1.1,0.213,2.6,4.9,0.528,0.49,2.5,3.4,0.728,1.3,3.4,4.7,2.9,1.1,2.1,1.9,2.5,8.3
235,235,Linas Kleiza,PF,22.0,DEN,79.0,14.0,18.8,2.5,6.0,0.42200000000000004,1.1,2.8,0.376,1.5,3.2,0.462,0.509,1.5,1.7,0.852,1.0,2.4,3.4,0.6,0.4,0.2,1.0,2.5,7.6
236,236,Brevin Knight,PG,31.0,CHA,45.0,25.0,28.3,3.4,8.1,0.419,0.0,0.4,0.055999999999999994,3.4,7.7,0.43799999999999994,0.42,2.3,2.8,0.805,0.3,2.2,2.6,6.6,1.5,0.1,2.1,2.5,9.1
237,237,Yaroslav Korolev,SF,19.0,LAC,10.0,0.0,4.1,0.4,1.6,0.25,0.1,0.5,0.2,0.3,1.1,0.273,0.281,0.3,0.6,0.5,0.1,0.2,0.3,0.4,0.3,0.0,0.1,0.0,1.2
238,238,Kyle Korver,SF,25.0,PHI,74.0,1.0,30.9,5.0,11.4,0.44,1.8,4.1,0.43,3.2,7.3,0.446,0.518,2.6,2.8,0.914,0.4,3.1,3.5,1.4,0.8,0.3,1.6,2.5,14.4
239,239,Nenad Krstić,C,23.0,NJN,26.0,26.0,32.6,6.5,12.4,0.526,0.0,0.0,0.0,6.5,12.4,0.528,0.526,3.3,4.7,0.711,2.0,4.8,6.8,1.8,0.4,0.9,2.0,3.4,16.4
240,240,Raef LaFrentz,PF,30.0,POR,27.0,9.0,13.0,1.4,3.8,0.382,0.1,0.9,0.087,1.4,2.9,0.46799999999999997,0.392,0.7,1.0,0.769,0.9,1.7,2.6,0.3,0.3,0.4,0.5,2.1,3.7
241,241,James Lang,C,23.0,WAS,11.0,0.0,5.0,0.4,0.8,0.444,0.0,0.0,0.0,0.4,0.8,0.444,0.444,0.3,0.5,0.6,0.5,0.5,1.0,0.2,0.0,0.3,0.2,1.3,1.0
242,242,David Lee,PF,23.0,NYK,58.0,12.0,29.8,4.1,6.9,0.6,0.0,0.0,0.0,4.1,6.9,0.6,0.6,2.4,3.0,0.815,3.4,7.0,10.4,1.8,0.8,0.4,1.6,2.7,10.7
243,243,Rashard Lewis,SF,27.0,SEA,60.0,60.0,39.1,7.7,16.8,0.461,2.5,6.5,0.39,5.2,10.3,0.505,0.536,4.4,5.3,0.841,1.5,5.1,6.6,2.4,1.1,0.7,2.0,2.4,22.4
244,244,Randy Livingston,PG,31.0,SEA,4.0,0.0,6.5,0.0,0.8,0.0,0.0,0.0,0.0,0.0,0.8,0.0,0.0,0.0,0.0,0.0,0.3,0.0,0.3,1.0,0.0,0.0,0.3,0.5,0.0
245,245,Shaun Livingston,PG,21.0,LAC,54.0,31.0,29.8,3.9,8.3,0.46299999999999997,0.1,0.3,0.313,3.8,8.0,0.469,0.469,1.5,2.1,0.7070000000000001,1.0,2.4,3.4,5.1,1.1,0.5,2.0,2.5,9.3
246,246,Kyle Lowry,PG,20.0,MEM,10.0,0.0,17.5,1.4,3.8,0.368,0.3,0.8,0.375,1.1,3.0,0.3670000000000001,0.408,2.5,2.8,0.893,1.2,1.9,3.1,3.2,1.4,0.1,1.2,2.0,5.6
247,247,John Lucas III,PG,24.0,HOU,47.0,0.0,8.1,1.3,3.3,0.397,0.3,1.3,0.254,1.0,2.1,0.485,0.446,0.3,0.4,0.789,0.2,0.6,0.8,0.7,0.4,0.0,0.3,0.8,3.3
248,248,Tyronn Lue,PG,29.0,ATL,56.0,17.0,26.6,3.9,9.4,0.41600000000000004,1.0,2.9,0.348,2.9,6.5,0.446,0.469,2.6,2.9,0.883,0.3,1.5,1.9,3.6,0.4,0.0,1.5,1.8,11.4
249,249,Mark Madsen,C,31.0,MIN,56.0,0.0,8.4,0.4,0.8,0.535,0.0,0.0,0.0,0.4,0.8,0.535,0.535,0.3,0.5,0.517,0.6,0.9,1.6,0.2,0.2,0.2,0.4,1.8,1.1
250,250,Corey Maggette,SF,27.0,LAC,75.0,31.0,30.5,4.9,10.8,0.45399999999999996,0.2,0.9,0.2,4.7,9.9,0.47600000000000003,0.462,6.9,8.4,0.82,1.2,4.7,5.9,2.8,0.9,0.2,2.7,3.3,16.9
251,251,Jamaal Magloire,C,28.0,POR,81.0,23.0,21.0,2.5,4.9,0.504,0.0,0.0,0.0,2.5,4.9,0.504,0.504,1.6,3.0,0.541,1.9,4.2,6.1,0.4,0.3,0.8,1.6,2.8,6.5
252,252,Renaldo Major,PF,24.0,GSW,1.0,0.0,27.0,2.0,10.0,0.2,0.0,0.0,0.0,2.0,10.0,0.2,0.2,1.0,2.0,0.5,0.0,2.0,2.0,0.0,2.0,0.0,1.0,4.0,5.0
253,253,Stephon Marbury,PG,29.0,NYK,74.0,74.0,37.1,5.3,12.9,0.415,1.7,4.7,0.35700000000000004,3.7,8.2,0.44799999999999995,0.48,4.0,5.2,0.769,0.5,2.4,2.9,5.4,1.0,0.1,2.4,2.5,16.4
254,254,Shawn Marion,SF,28.0,PHO,80.0,80.0,37.6,7.0,13.4,0.524,1.0,3.2,0.317,6.0,10.2,0.5870000000000001,0.561,2.5,3.1,0.81,2.2,7.7,9.8,1.7,2.0,1.5,1.4,2.7,17.5
255,255,Damir Markota,PF,21.0,MIL,30.0,0.0,5.7,0.6,1.7,0.365,0.2,0.5,0.375,0.4,1.2,0.361,0.423,0.2,0.4,0.636,0.4,0.7,1.0,0.2,0.1,0.0,0.5,0.7,1.7
256,256,Sean Marks,PF,31.0,PHO,3.0,0.0,5.7,0.7,2.0,0.33299999999999996,0.0,0.3,0.0,0.7,1.7,0.4,0.33299999999999996,0.7,0.7,1.0,0.0,1.0,1.0,0.0,0.0,0.3,0.0,1.3,2.0
257,257,Donyell Marshall,PF,33.0,CLE,81.0,0.0,16.8,2.6,6.1,0.424,1.2,3.3,0.35100000000000003,1.4,2.7,0.514,0.52,0.7,1.0,0.6629999999999999,1.1,2.9,4.0,0.6,0.5,0.5,0.8,1.6,7.0
258,258,Rawle Marshall,SG,24.0,IND,40.0,2.0,9.0,0.8,2.2,0.36,0.1,0.5,0.222,0.7,1.8,0.39399999999999996,0.382,0.8,1.1,0.6890000000000001,0.2,0.5,0.7,0.3,0.3,0.1,0.5,0.6,2.5
259,259,Darrick Martin,PG,35.0,TOR,31.0,0.0,7.1,1.1,3.0,0.35100000000000003,0.4,1.2,0.35100000000000003,0.6,1.8,0.35100000000000003,0.42,0.5,0.7,0.7140000000000001,0.1,0.3,0.4,1.4,0.1,0.0,0.4,0.7,3.0
260,260,Kenyon Martin,PF,29.0,DEN,2.0,2.0,31.5,4.0,8.0,0.5,0.0,0.5,0.0,4.0,7.5,0.5329999999999999,0.5,1.5,6.0,0.25,3.0,7.0,10.0,0.5,0.0,0.0,2.5,5.0,9.5
261,261,Kevin Martin,SG,23.0,SAC,80.0,80.0,35.2,6.3,13.3,0.473,1.6,4.2,0.381,4.7,9.2,0.515,0.5329999999999999,6.0,7.1,0.8440000000000001,0.9,3.4,4.3,2.2,1.2,0.1,1.7,2.3,20.2
262,262,Desmond Mason,SF,29.0,NOK,75.0,75.0,34.3,5.4,12.0,0.452,0.0,0.0,0.0,5.4,12.0,0.452,0.452,2.9,4.3,0.6629999999999999,1.7,2.9,4.6,1.5,0.7,0.3,2.6,2.3,13.7
263,263,Roger Mason,SG,26.0,WAS,62.0,0.0,7.9,1.0,2.9,0.33,0.5,1.6,0.324,0.4,1.2,0.33799999999999997,0.42200000000000004,0.2,0.3,0.875,0.1,0.6,0.7,0.6,0.2,0.1,0.3,1.1,2.7
264,264,Jason Maxiell,C,23.0,DET,67.0,8.0,14.1,2.0,3.9,0.5,0.0,0.0,0.0,2.0,3.9,0.5,0.5,1.1,2.0,0.526,1.3,1.5,2.8,0.2,0.4,0.9,0.8,1.6,5.0
265,265,Sean May,PF,22.0,CHA,35.0,8.0,23.9,4.7,9.4,0.5,0.1,0.1,0.667,4.6,9.3,0.498,0.503,2.5,3.2,0.768,2.1,4.6,6.7,1.9,0.5,0.7,1.6,2.9,11.9
266,266,Rashad McCants,SG,22.0,MIN,37.0,0.0,15.0,1.7,4.8,0.35,0.5,2.0,0.267,1.1,2.8,0.41200000000000003,0.40700000000000003,1.1,1.6,0.69,0.4,0.9,1.3,1.0,0.7,0.2,1.1,1.9,5.0
267,267,Chris McCray,SG,22.0,MIL,5.0,0.0,2.4,0.0,0.6,0.0,0.0,0.0,0.0,0.0,0.6,0.0,0.0,0.0,0.0,0.0,0.0,0.0,0.0,0.0,0.0,0.0,0.4,0.2,0.0
268,268,Antonio McDyess,PF,32.0,DET,82.0,3.0,21.1,3.5,6.6,0.526,0.0,0.0,0.0,3.5,6.6,0.526,0.526,1.2,1.7,0.691,2.0,4.0,6.0,0.9,0.7,0.8,0.9,2.9,8.1
269,269,Ivan McFarlin,PF,24.0,PHI,11.0,0.0,3.7,0.5,1.2,0.385,0.0,0.1,0.0,0.5,1.1,0.41700000000000004,0.385,0.5,0.6,0.7140000000000001,0.6,0.4,1.0,0.1,0.0,0.0,0.1,0.7,1.4
270,270,Tracy McGrady*,SG,27.0,HOU,71.0,71.0,35.8,9.0,20.8,0.431,1.8,5.4,0.331,7.2,15.5,0.466,0.474,4.9,6.9,0.7070000000000001,0.8,4.5,5.3,6.5,1.3,0.5,3.0,1.9,24.6
271,271,Jeff McInnis,PG,32.0,CHA,38.0,3.0,18.5,1.9,4.8,0.392,0.0,0.2,0.125,1.8,4.6,0.405,0.395,0.6,0.8,0.688,0.4,1.3,1.6,3.3,0.4,0.0,1.1,1.9,4.3
272,272,Aaron McKie,SF,34.0,LAL,10.0,0.0,13.1,1.1,1.7,0.647,0.0,0.0,0.0,1.1,1.7,0.647,0.647,0.0,0.0,0.0,0.1,1.7,1.8,1.3,0.4,0.0,0.8,1.4,2.2
273,273,Keith McLeod,PG,27.0,TOT,48.0,9.0,15.0,1.5,3.9,0.38799999999999996,0.3,0.9,0.35600000000000004,1.2,3.0,0.39899999999999997,0.431,1.4,1.6,0.885,0.1,0.8,0.9,1.9,0.5,0.1,1.0,1.1,4.8
274,274,Stanislav Medvedenko,C,27.0,ATL,14.0,0.0,5.8,0.9,2.1,0.414,0.1,0.1,0.5,0.8,1.9,0.40700000000000003,0.431,1.2,1.4,0.85,0.3,0.7,1.0,0.1,0.0,0.1,0.4,1.1,3.0
275,275,Pops Mensah-Bonsu,PF,23.0,DAL,12.0,0.0,5.9,0.9,1.4,0.647,0.0,0.0,0.0,0.9,1.4,0.647,0.647,0.6,1.5,0.389,0.8,1.0,1.8,0.0,0.1,0.0,0.8,0.7,2.4
276,276,C.J. Miles,SG,19.0,UTA,37.0,13.0,10.1,1.1,3.1,0.345,0.2,0.9,0.21899999999999997,0.9,2.3,0.39299999999999996,0.375,0.4,0.6,0.609,0.3,0.6,0.9,0.7,0.3,0.1,0.8,1.6,2.7
277,277,Darko Miličić,PF,21.0,ORL,80.0,16.0,23.9,3.1,6.9,0.45399999999999996,0.0,0.0,0.0,3.1,6.8,0.455,0.45399999999999996,1.8,2.9,0.613,1.8,3.7,5.5,1.1,0.6,1.8,1.6,2.7,8.0
278,278,Andre Miller,PG,30.0,TOT,80.0,79.0,37.1,5.3,11.4,0.466,0.1,0.4,0.14300000000000002,5.2,10.9,0.479,0.469,2.8,3.5,0.784,1.2,3.2,4.4,7.8,1.4,0.1,2.8,2.3,13.4
279,279,Brad Miller,C,30.0,SAC,63.0,56.0,28.3,3.6,7.8,0.45299999999999996,0.1,0.5,0.152,3.5,7.3,0.475,0.45899999999999996,1.8,2.4,0.772,1.3,5.1,6.4,3.6,0.6,0.6,1.7,2.5,9.0
280,280,Mike Miller,SG,26.0,MEM,70.0,69.0,39.1,6.6,14.4,0.46,2.9,7.1,0.406,3.8,7.3,0.514,0.56,2.3,2.9,0.7929999999999999,0.7,4.7,5.4,4.3,0.8,0.3,2.6,2.0,18.5
281,281,Paul Millsap,PF,21.0,UTA,82.0,1.0,18.0,2.5,4.9,0.525,0.0,0.0,0.33299999999999996,2.5,4.8,0.527,0.526,1.7,2.5,0.6729999999999999,2.2,2.9,5.2,0.8,0.8,0.9,1.1,2.9,6.8
282,282,Yao Ming*,C,26.0,HOU,48.0,48.0,33.8,8.8,17.1,0.516,0.0,0.0,0.0,8.8,17.0,0.518,0.516,7.4,8.6,0.862,2.1,7.3,9.4,2.0,0.4,2.0,3.5,3.3,25.0
283,283,Cuttino Mobley,SG,31.0,LAC,78.0,73.0,36.4,5.0,11.3,0.44,1.3,3.2,0.41100000000000003,3.7,8.2,0.451,0.4970000000000001,2.6,3.1,0.8370000000000001,0.7,2.8,3.4,2.5,1.2,0.3,1.9,2.4,13.8
284,284,Nazr Mohammed,C,29.0,DET,51.0,33.0,15.2,2.3,4.4,0.532,0.0,0.0,0.0,2.3,4.4,0.532,0.532,1.0,1.6,0.61,1.7,2.7,4.5,0.2,0.5,0.8,0.8,2.6,5.6
285,285,Mikki Moore,C,31.0,NJN,79.0,55.0,26.4,3.9,6.4,0.609,0.0,0.0,0.0,3.9,6.4,0.61,0.609,2.0,3.0,0.6809999999999999,1.8,3.3,5.1,0.9,0.6,0.8,1.4,3.3,9.8
286,286,Randolph Morris,C,21.0,NYK,5.0,0.0,8.8,0.2,1.2,0.16699999999999998,0.0,0.0,0.0,0.2,1.2,0.16699999999999998,0.16699999999999998,0.4,1.2,0.33299999999999996,0.2,1.6,1.8,0.2,0.4,0.2,0.4,0.8,0.8
287,287,Adam Morrison,PF,22.0,CHA,78.0,23.0,29.8,4.6,12.1,0.376,1.1,3.3,0.337,3.4,8.8,0.391,0.42200000000000004,1.5,2.2,0.71,0.7,2.3,2.9,2.1,0.4,0.1,1.7,2.3,11.8
288,288,Alonzo Mourning*,C,36.0,MIA,77.0,43.0,20.4,3.1,5.5,0.56,0.0,0.0,0.0,3.1,5.5,0.56,0.56,2.4,4.0,0.601,1.6,2.9,4.5,0.2,0.2,2.3,1.7,2.8,8.6
289,289,Troy Murphy,PF,26.0,TOT,68.0,48.0,27.2,3.9,8.5,0.45799999999999996,0.9,2.2,0.395,3.1,6.4,0.479,0.508,1.6,2.1,0.745,1.5,4.6,6.1,1.9,0.7,0.6,1.1,2.9,10.3
290,290,Ronald Murray,SG,27.0,DET,69.0,18.0,21.4,2.6,6.3,0.40399999999999997,0.3,1.2,0.289,2.2,5.1,0.431,0.4320000000000001,1.3,1.7,0.725,0.4,1.3,1.6,2.7,0.7,0.2,1.3,1.4,6.7
291,291,Dikembe Mutombo*,C,40.0,HOU,75.0,33.0,17.2,1.1,2.0,0.556,0.0,0.0,0.0,1.1,2.0,0.556,0.556,0.8,1.2,0.69,2.2,4.3,6.5,0.2,0.3,1.0,0.5,2.1,3.1
292,292,Boštjan Nachbar,SF,26.0,NJN,76.0,1.0,20.2,3.0,6.5,0.457,1.5,3.5,0.423,1.5,3.0,0.496,0.57,1.7,2.2,0.805,0.4,3.0,3.3,0.8,0.4,0.3,0.9,2.4,9.2
293,293,Eduardo Nájera,PF,30.0,DEN,75.0,36.0,22.1,2.7,4.7,0.5760000000000001,0.0,0.2,0.083,2.7,4.6,0.594,0.578,1.2,1.6,0.715,1.7,2.4,4.1,0.9,1.0,0.3,0.7,2.8,6.6
294,294,Steve Nash*,PG,32.0,PHO,76.0,76.0,35.3,6.8,12.8,0.532,2.1,4.5,0.455,4.8,8.3,0.575,0.613,2.9,3.3,0.899,0.4,3.1,3.5,11.6,0.8,0.1,3.8,1.5,18.6
295,295,Jameer Nelson,PG,24.0,ORL,77.0,77.0,30.3,4.9,11.4,0.43,0.8,2.5,0.335,4.0,8.8,0.457,0.467,2.4,2.9,0.828,0.6,2.4,3.1,4.3,0.9,0.1,2.4,2.9,13.0
296,296,Rasho Nesterović,C,30.0,TOR,80.0,73.0,21.0,2.9,5.3,0.546,0.0,0.0,0.0,2.9,5.3,0.5479999999999999,0.546,0.4,0.6,0.68,1.4,3.1,4.5,0.9,0.5,1.1,0.7,2.4,6.2
297,297,Ira Newble,SF,32.0,CLE,15.0,1.0,8.6,1.1,2.5,0.4320000000000001,0.5,1.0,0.5329999999999999,0.5,1.5,0.364,0.541,0.4,0.7,0.6,0.9,1.1,2.0,0.1,0.4,0.0,0.2,1.1,3.1
298,298,Andrés Nocioni,PF,27.0,CHI,53.0,31.0,26.5,5.2,11.0,0.467,1.5,3.9,0.38299999999999995,3.6,7.1,0.515,0.536,2.3,2.7,0.848,0.8,4.9,5.7,1.1,0.5,0.5,2.0,3.1,14.1
299,299,David Noel,PF,22.0,MIL,68.0,0.0,11.6,1.0,2.6,0.3670000000000001,0.3,0.8,0.321,0.7,1.8,0.387,0.415,0.5,0.6,0.86,0.6,1.2,1.8,1.0,0.4,0.1,0.6,1.1,2.7
300,300,Steve Novak,SF,23.0,HOU,35.0,1.0,5.5,0.5,1.4,0.36,0.4,1.1,0.33299999999999996,0.1,0.3,0.455,0.49,0.1,0.1,1.0,0.1,0.6,0.7,0.2,0.1,0.0,0.1,0.6,1.5
301,301,Dirk Nowitzki,PF,28.0,DAL,78.0,78.0,36.2,8.6,17.2,0.502,0.9,2.2,0.41600000000000004,7.7,15.0,0.515,0.529,6.4,7.1,0.904,1.6,7.3,8.9,3.4,0.7,0.8,2.1,2.2,24.6
302,302,Patrick O'Bryant,C,20.0,GSW,16.0,0.0,7.4,0.6,2.0,0.313,0.0,0.0,0.0,0.6,2.0,0.313,0.313,0.7,1.1,0.647,0.4,0.9,1.3,0.6,0.4,0.5,0.5,1.6,1.9
303,303,Jermaine O'Neal,C,28.0,IND,69.0,69.0,35.6,7.2,16.5,0.436,0.0,0.1,0.0,7.2,16.4,0.439,0.436,5.0,6.5,0.767,2.2,7.4,9.6,2.4,0.7,2.6,2.9,3.4,19.4
304,304,Shaquille O'Neal*,C,34.0,MIA,40.0,39.0,28.4,7.1,12.0,0.591,0.0,0.0,0.0,7.1,12.0,0.591,0.591,3.1,7.4,0.42200000000000004,2.4,5.0,7.4,2.0,0.2,1.4,2.4,3.5,17.3
305,305,Fabricio Oberto,PF,31.0,SAS,79.0,33.0,17.3,2.0,3.6,0.562,0.0,0.0,0.0,2.0,3.6,0.562,0.562,0.4,0.6,0.647,1.7,3.0,4.7,0.9,0.3,0.3,0.9,2.7,4.4
306,306,Lamar Odom,PF,27.0,LAL,56.0,56.0,39.3,5.7,12.2,0.46799999999999997,1.0,3.3,0.297,4.7,8.9,0.531,0.508,3.5,5.1,0.7,1.8,7.9,9.8,4.8,0.9,0.6,2.9,3.3,15.9
307,307,Emeka Okafor,C,24.0,CHA,67.0,65.0,34.8,5.9,11.0,0.532,0.0,0.0,0.0,5.9,11.0,0.532,0.532,2.6,4.4,0.593,3.9,7.4,11.3,1.2,0.9,2.6,1.7,3.1,14.4
308,308,Mehmet Okur,C,27.0,UTA,80.0,80.0,33.3,6.1,13.3,0.462,1.6,4.2,0.384,4.5,9.1,0.498,0.523,3.7,4.8,0.765,2.0,5.2,7.2,2.0,0.5,0.5,1.6,3.2,17.6
309,309,Kevin Ollie,PG,34.0,PHI,53.0,23.0,17.3,1.5,3.5,0.433,0.0,0.0,0.0,1.5,3.5,0.43799999999999994,0.433,0.7,0.8,0.8220000000000001,0.2,1.2,1.4,2.5,0.4,0.0,0.9,1.4,3.8
310,310,Michael Olowokandi,C,31.0,BOS,24.0,0.0,9.8,0.8,1.9,0.413,0.0,0.0,0.0,0.8,1.9,0.413,0.413,0.1,0.1,0.667,0.6,1.4,2.0,0.2,0.3,0.5,0.7,2.0,1.7
311,311,Bo Outlaw,PF,35.0,ORL,41.0,0.0,11.2,0.8,1.2,0.667,0.0,0.0,0.0,0.8,1.2,0.667,0.667,0.3,0.5,0.591,1.1,1.4,2.6,0.4,0.4,0.1,0.5,1.4,2.0
312,312,Travis Outlaw,PF,22.0,POR,67.0,1.0,22.9,3.7,8.5,0.434,0.1,0.6,0.27,3.5,7.9,0.445,0.44299999999999995,2.1,2.7,0.79,1.0,2.3,3.2,0.8,0.9,1.1,1.0,2.2,9.6
313,313,Zaza Pachulia,C,22.0,ATL,72.0,47.0,28.1,4.0,8.5,0.474,0.0,0.0,0.0,4.0,8.5,0.475,0.474,4.1,5.2,0.7859999999999999,2.8,4.2,6.9,1.5,1.1,0.5,2.3,3.7,12.2
314,314,Scott Padgett,PF,30.0,TOT,31.0,0.0,7.5,0.5,1.8,0.28600000000000003,0.3,1.1,0.242,0.3,0.7,0.348,0.35700000000000004,0.2,0.4,0.462,0.5,1.2,1.7,0.3,0.2,0.1,0.3,1.1,1.5
315,315,Jannero Pargo,PG,27.0,NOK,82.0,7.0,20.9,3.5,8.4,0.409,1.0,2.5,0.38799999999999996,2.5,5.9,0.418,0.467,1.3,1.5,0.852,0.2,2.0,2.2,2.5,0.6,0.0,1.5,1.5,9.2
316,316,Anthony Parker,SG,31.0,TOR,73.0,73.0,33.4,4.5,9.4,0.47700000000000004,1.6,3.6,0.441,2.9,5.8,0.5,0.561,1.8,2.2,0.835,0.8,3.1,3.9,2.1,1.0,0.2,1.0,1.8,12.4
317,317,Smush Parker,PG,25.0,LAL,82.0,80.0,30.0,4.2,9.6,0.436,1.3,3.7,0.365,2.8,5.9,0.479,0.506,1.4,2.1,0.6459999999999999,0.5,2.0,2.5,2.8,1.5,0.1,1.9,2.6,11.1
318,318,Tony Parker,PG,24.0,SAS,77.0,77.0,32.5,7.4,14.2,0.52,0.2,0.5,0.395,7.2,13.7,0.525,0.527,3.6,4.5,0.7829999999999999,0.4,2.8,3.2,5.5,1.1,0.1,2.5,1.8,18.6
319,319,Ruben Patterson,SF,31.0,MIL,81.0,53.0,31.0,5.9,10.7,0.5479999999999999,0.0,0.2,0.158,5.8,10.5,0.557,0.55,3.0,4.6,0.6409999999999999,2.3,3.1,5.4,2.9,1.4,0.3,2.5,2.9,14.7
320,320,Chris Paul,PG,21.0,NOK,64.0,64.0,36.8,6.0,13.6,0.4370000000000001,0.8,2.2,0.35,5.2,11.4,0.455,0.466,4.6,5.6,0.818,0.8,3.5,4.4,8.9,1.8,0.0,2.5,2.4,17.3
321,321,Sasha Pavlović,SG,23.0,CLE,67.0,28.0,22.9,3.3,7.3,0.45299999999999996,0.9,2.2,0.405,2.4,5.1,0.474,0.514,1.5,1.9,0.794,0.3,2.0,2.4,1.6,0.8,0.3,1.5,2.2,9.0
322,322,Gary Payton*,PG,38.0,MIA,68.0,28.0,22.1,2.1,5.4,0.39299999999999996,0.5,1.8,0.26,1.6,3.6,0.461,0.4370000000000001,0.6,0.8,0.667,0.3,1.7,1.9,3.0,0.6,0.0,1.0,1.7,5.3
323,323,Kendrick Perkins,C,22.0,BOS,72.0,53.0,21.9,1.8,3.7,0.491,0.0,0.0,0.0,1.8,3.7,0.496,0.491,0.8,1.4,0.6,1.6,3.6,5.2,1.3,0.3,1.3,1.6,3.0,4.5
324,324,Morris Peterson,SF,29.0,TOR,71.0,12.0,21.3,3.1,7.3,0.429,1.5,4.2,0.359,1.6,3.1,0.523,0.532,1.2,1.7,0.6829999999999999,0.5,2.9,3.3,0.7,0.6,0.2,0.7,1.8,8.9
325,325,Johan Petro,C,21.0,SEA,81.0,13.0,18.6,2.8,5.4,0.516,0.0,0.0,0.0,2.8,5.4,0.516,0.516,0.6,1.0,0.649,1.1,3.0,4.1,0.6,0.5,0.6,1.0,2.9,6.2
326,326,Eric Piatkowski,SG,36.0,PHO,11.0,0.0,6.6,0.8,2.3,0.36,0.6,1.6,0.389,0.2,0.6,0.28600000000000003,0.5,0.2,0.2,1.0,0.2,0.6,0.8,0.4,0.0,0.1,0.5,0.5,2.5
327,327,Paul Pierce,SG,29.0,BOS,47.0,46.0,37.0,7.9,18.1,0.439,2.3,5.9,0.389,5.7,12.2,0.46299999999999997,0.502,6.8,8.6,0.7959999999999999,0.8,5.1,5.9,4.1,1.0,0.3,3.2,2.6,25.0
328,328,Mickaël Piétrus,SF,24.0,GSW,72.0,38.0,26.9,4.0,8.1,0.488,1.3,3.3,0.38799999999999996,2.7,4.8,0.5579999999999999,0.5670000000000001,1.9,2.9,0.648,1.1,3.4,4.5,0.9,0.7,0.8,1.5,3.1,11.1
329,329,Kevinn Pinkney,PF,23.0,BOS,6.0,0.0,16.7,2.0,4.5,0.444,0.2,0.3,0.5,1.8,4.2,0.44,0.46299999999999997,1.0,1.5,0.667,1.2,1.3,2.5,0.8,0.5,0.5,0.7,2.0,5.2
330,330,Scot Pollard,C,31.0,CLE,24.0,0.0,4.5,0.5,1.1,0.423,0.0,0.0,0.0,0.5,1.1,0.423,0.423,0.1,0.2,0.5,0.6,0.7,1.3,0.1,0.2,0.0,0.2,1.1,1.0
331,331,James Posey,SF,30.0,MIA,71.0,19.0,27.0,2.6,6.1,0.431,1.4,3.6,0.375,1.3,2.4,0.514,0.5429999999999999,1.1,1.4,0.8270000000000001,0.9,4.1,5.0,1.3,1.0,0.3,0.8,2.7,7.7
332,332,Vitaly Potapenko,C,31.0,SAC,3.0,0.0,4.3,0.0,1.3,0.0,0.0,0.0,0.0,0.0,1.3,0.0,0.0,0.0,0.0,0.0,0.0,0.7,0.7,0.0,0.0,0.0,0.7,1.0,0.0
333,333,Leon Powe,C,23.0,BOS,63.0,2.0,11.4,1.3,2.8,0.446,0.0,0.0,0.0,1.3,2.8,0.451,0.446,1.7,2.3,0.736,1.5,1.9,3.4,0.2,0.2,0.3,0.7,1.7,4.2
334,334,Josh Powell,PF,24.0,TOT,37.0,0.0,9.5,1.2,2.5,0.462,0.0,0.0,0.0,1.2,2.5,0.462,0.462,0.8,1.1,0.7140000000000001,0.6,1.7,2.4,0.6,0.1,0.3,0.8,1.6,3.1
335,335,Roger Powell,SF,24.0,UTA,3.0,0.0,4.3,0.0,1.0,0.0,0.0,0.3,0.0,0.0,0.7,0.0,0.0,0.7,0.7,1.0,1.0,0.0,1.0,0.0,0.0,0.0,1.0,0.7,0.7
336,336,Ronnie Price,PG,23.0,SAC,58.0,1.0,9.7,1.2,3.0,0.39,0.4,1.1,0.32299999999999995,0.8,1.8,0.43,0.451,0.6,0.9,0.6729999999999999,0.3,1.0,1.2,0.8,0.5,0.1,0.6,1.1,3.3
337,337,Tayshaun Prince,SF,26.0,DET,82.0,82.0,36.6,5.6,12.2,0.46,1.0,2.6,0.386,4.6,9.6,0.48,0.501,2.1,2.7,0.768,1.8,3.5,5.2,2.8,0.6,0.7,1.2,1.4,14.3
338,338,Joel Przybilla,C,27.0,POR,43.0,43.0,16.3,0.9,1.8,0.474,0.0,0.0,0.0,0.9,1.8,0.474,0.474,0.2,0.6,0.37,1.4,2.5,3.9,0.3,0.2,1.6,0.9,2.9,2.0
339,339,Chris Quinn,PG,23.0,MIA,42.0,1.0,9.7,1.1,3.1,0.366,0.5,1.4,0.35100000000000003,0.7,1.8,0.37799999999999995,0.44299999999999995,0.6,0.9,0.6759999999999999,0.1,0.6,0.7,1.5,0.4,0.0,0.5,0.8,3.4
340,340,Vladimir Radmanović,PF,26.0,LAL,55.0,15.0,17.9,2.4,5.7,0.424,0.7,2.1,0.33899999999999997,1.7,3.6,0.475,0.48700000000000004,1.0,1.3,0.726,1.0,2.3,3.3,1.2,0.5,0.3,1.3,2.3,6.6
341,341,Shavlik Randolph,PF,23.0,PHI,13.0,6.0,13.8,1.8,3.7,0.479,0.0,0.0,0.0,1.8,3.7,0.479,0.479,0.9,1.7,0.545,1.5,2.7,4.2,0.3,0.5,0.8,0.7,1.8,4.5
342,342,Zach Randolph,PF,25.0,POR,68.0,67.0,35.7,8.8,18.9,0.467,0.2,0.7,0.292,8.6,18.2,0.473,0.47200000000000003,5.8,7.1,0.8190000000000001,2.9,7.2,10.1,2.2,0.8,0.2,3.2,2.7,23.6
343,343,Theo Ratliff,C,33.0,BOS,2.0,2.0,22.0,0.5,1.5,0.33299999999999996,0.0,0.0,0.0,0.5,1.5,0.33299999999999996,0.33299999999999996,1.5,2.0,0.75,1.0,2.5,3.5,0.0,0.5,1.5,0.5,3.0,2.5
344,344,Allan Ray,SG,22.0,BOS,47.0,5.0,15.1,2.1,5.5,0.386,1.0,2.5,0.414,1.1,3.0,0.364,0.479,0.9,1.2,0.764,0.4,1.1,1.5,0.9,0.4,0.1,0.9,1.8,6.2
345,345,Michael Redd,SF,27.0,MIL,53.0,53.0,38.4,9.0,19.3,0.465,2.2,5.8,0.382,6.8,13.6,0.501,0.522,6.5,7.8,0.8290000000000001,0.8,2.9,3.7,2.3,1.2,0.2,2.3,1.5,26.7
346,346,J.J. Redick,PG,22.0,ORL,42.0,0.0,14.8,1.9,4.6,0.41,0.9,2.3,0.38799999999999996,1.0,2.3,0.433,0.508,1.3,1.4,0.9,0.2,1.0,1.2,0.9,0.3,0.0,0.5,1.2,6.0
347,347,Justin Reed,PF,25.0,MIN,41.0,3.0,7.8,1.0,2.6,0.374,0.0,0.0,0.0,1.0,2.6,0.374,0.374,0.6,0.7,0.867,0.4,0.8,1.1,0.4,0.1,0.1,0.5,1.1,2.6
348,348,Jared Reiner,C,24.0,MIL,27.0,2.0,9.0,0.6,1.6,0.349,0.0,0.0,0.0,0.6,1.6,0.349,0.349,0.1,0.4,0.3,0.8,1.9,2.6,0.5,0.2,0.2,0.5,1.7,1.2
349,349,Jason Richardson,SG,26.0,GSW,51.0,49.0,32.8,6.0,14.4,0.41700000000000004,2.2,5.9,0.365,3.8,8.5,0.45299999999999996,0.4920000000000001,1.8,2.7,0.657,1.4,3.7,5.1,3.4,1.1,0.6,1.6,2.5,16.0
350,350,Jeremy Richardson,SG-SF,22.0,TOT,6.0,0.0,3.3,0.5,1.0,0.5,0.3,0.5,0.667,0.2,0.5,0.33299999999999996,0.667,0.0,0.0,0.0,0.2,0.2,0.3,0.0,0.2,0.0,0.2,0.3,1.3
351,351,Quentin Richardson,SF,26.0,NYK,49.0,47.0,33.1,4.7,11.1,0.418,2.0,5.3,0.376,2.7,5.9,0.456,0.507,1.7,2.4,0.6920000000000001,1.3,5.9,7.2,2.2,0.7,0.1,1.4,2.7,13.0
352,352,Luke Ridnour,PG,25.0,SEA,71.0,58.0,29.5,4.2,9.8,0.433,0.7,2.0,0.353,3.5,7.8,0.45299999999999996,0.46799999999999997,1.8,2.2,0.805,0.4,1.9,2.3,5.2,1.2,0.3,2.2,2.5,11.0
353,353,Anthony Roberson,PG,23.0,GSW,20.0,1.0,11.4,2.2,5.2,0.423,1.1,2.8,0.382,1.2,2.5,0.469,0.524,0.1,0.2,0.667,0.1,1.0,1.1,0.5,0.6,0.0,0.7,1.4,5.6
354,354,Lawrence Roberts,PF,24.0,MEM,54.0,18.0,17.9,1.7,3.9,0.452,0.0,0.0,0.0,1.7,3.8,0.456,0.452,1.8,2.4,0.725,1.9,3.0,4.8,0.6,0.7,0.2,0.7,2.5,5.2
355,355,Bernard Robinson,SG-SF,26.0,TOT,31.0,0.0,9.0,0.6,2.0,0.306,0.0,0.1,0.0,0.6,1.9,0.317,0.306,0.7,0.9,0.852,0.3,1.2,1.5,0.6,0.5,0.1,0.5,1.0,2.0
356,356,Clifford Robinson,C,40.0,NJN,50.0,1.0,19.1,1.6,4.4,0.3720000000000001,0.5,1.3,0.379,1.1,3.0,0.368,0.429,0.3,0.7,0.444,0.6,1.8,2.4,1.0,0.2,0.5,0.6,2.0,4.1
357,357,Nate Robinson,PG,22.0,NYK,64.0,5.0,21.2,3.5,8.2,0.434,1.3,3.3,0.39,2.3,4.8,0.465,0.513,1.7,2.2,0.777,0.9,1.5,2.4,1.4,0.8,0.1,1.1,2.5,10.1
358,358,Sergio Rodríguez,PG,20.0,POR,67.0,1.0,12.9,1.5,3.6,0.423,0.4,1.3,0.282,1.1,2.3,0.5,0.473,0.3,0.4,0.8079999999999999,0.3,1.1,1.4,3.3,0.5,0.0,1.1,1.1,3.7
359,359,Rajon Rondo,PG,20.0,BOS,78.0,25.0,23.5,2.4,5.8,0.418,0.1,0.4,0.207,2.3,5.4,0.4320000000000001,0.424,1.5,2.4,0.647,0.9,2.8,3.7,3.8,1.6,0.1,1.8,2.3,6.4
360,360,Jalen Rose,SF,34.0,PHO,29.0,0.0,8.5,1.3,3.0,0.442,0.7,1.6,0.447,0.6,1.3,0.436,0.564,0.4,0.4,0.917,0.1,0.7,0.8,0.6,0.2,0.1,0.3,0.8,3.7
361,361,Malik Rose,PF,32.0,NYK,65.0,2.0,12.5,1.1,2.9,0.39799999999999996,0.0,0.1,0.25,1.1,2.7,0.40399999999999997,0.40299999999999997,0.6,0.8,0.8079999999999999,0.7,2.0,2.7,1.0,0.4,0.1,1.0,1.8,3.0
362,362,Quinton Ross,SG,25.0,LAC,81.0,43.0,21.0,2.2,4.7,0.467,0.0,0.1,0.2,2.2,4.6,0.474,0.47,0.8,1.1,0.782,0.7,1.6,2.3,1.1,0.9,0.4,0.4,2.2,5.2
363,363,Brandon Roy,SG,22.0,POR,57.0,55.0,35.4,6.1,13.4,0.456,1.0,2.6,0.377,5.2,10.9,0.475,0.4920000000000001,3.5,4.2,0.838,1.0,3.4,4.4,4.0,1.2,0.2,2.0,2.4,16.8
364,364,Michael Ruffin,PF,30.0,WAS,30.0,0.0,9.0,0.2,0.6,0.278,0.0,0.0,0.0,0.2,0.6,0.278,0.278,0.2,0.6,0.368,1.2,0.9,2.1,0.2,0.2,0.3,0.4,1.4,0.6
365,365,John Salmons,SG,27.0,SAC,79.0,19.0,27.0,3.0,6.5,0.456,0.5,1.4,0.35700000000000004,2.5,5.1,0.484,0.495,2.0,2.6,0.779,0.6,2.7,3.3,3.2,0.9,0.3,1.5,2.2,8.5
366,366,Jamal Sampson,C,23.0,DEN,22.0,3.0,5.7,0.4,0.6,0.643,0.0,0.0,0.0,0.4,0.6,0.6920000000000001,0.643,0.3,0.6,0.429,0.7,1.5,2.2,0.2,0.1,0.3,0.5,0.8,1.1
367,367,Brian Scalabrine,PF,28.0,BOS,54.0,17.0,19.0,1.4,3.5,0.40299999999999997,0.8,2.0,0.4,0.6,1.5,0.40700000000000003,0.518,0.3,0.4,0.7829999999999999,0.4,1.5,1.9,1.1,0.4,0.3,0.8,2.4,4.0
368,368,Luke Schenscher,C,24.0,POR,11.0,0.0,10.7,0.6,2.1,0.304,0.0,0.0,0.0,0.6,2.1,0.304,0.304,0.5,0.6,0.7140000000000001,0.9,1.4,2.3,0.1,0.2,0.4,0.4,2.3,1.7
369,369,Thabo Sefolosha,SG,22.0,CHI,71.0,4.0,12.2,1.5,3.6,0.426,0.2,0.6,0.35700000000000004,1.3,3.0,0.439,0.455,0.3,0.6,0.511,0.5,1.7,2.2,0.8,0.5,0.2,0.8,1.4,3.6
370,370,Mouhamed Sene,C,20.0,SEA,28.0,3.0,6.0,0.6,1.8,0.3670000000000001,0.0,0.0,0.0,0.6,1.8,0.3670000000000001,0.3670000000000001,0.6,1.0,0.586,0.6,1.0,1.6,0.0,0.1,0.4,0.4,1.2,1.9
371,371,Wayne Simien,PF,23.0,MIA,8.0,0.0,11.6,1.1,2.9,0.391,0.0,0.0,0.0,1.1,2.9,0.391,0.391,0.6,0.9,0.7140000000000001,0.6,0.8,1.4,0.5,0.3,0.0,0.4,1.6,2.9
372,372,Cedric Simmons,PF,21.0,NOK,43.0,4.0,12.4,1.3,3.1,0.41700000000000004,0.0,0.0,0.0,1.3,3.1,0.41700000000000004,0.41700000000000004,0.4,0.8,0.485,1.0,1.5,2.5,0.3,0.2,0.5,0.5,1.7,2.9
373,373,James Singleton,PF,25.0,LAC,53.0,0.0,7.1,0.6,1.5,0.366,0.1,0.3,0.214,0.5,1.3,0.397,0.384,0.4,0.5,0.759,0.7,1.3,2.0,0.3,0.3,0.3,0.3,0.8,1.6
374,374,Brian Skinner,PF,30.0,MIL,67.0,44.0,22.7,1.9,3.8,0.49,0.0,0.0,0.0,1.9,3.8,0.49,0.49,0.7,1.2,0.5820000000000001,1.6,4.2,5.7,0.9,0.3,1.0,1.1,2.9,4.4
375,375,Uroš Slokar,C,23.0,TOR,20.0,0.0,3.6,0.7,1.3,0.5379999999999999,0.1,0.1,0.5,0.7,1.2,0.542,0.5579999999999999,0.5,0.7,0.6920000000000001,0.4,0.4,0.7,0.1,0.1,0.1,0.5,0.6,1.9
376,376,Craig Smith,PF,23.0,MIN,82.0,5.0,18.7,3.0,5.6,0.531,0.0,0.1,0.0,3.0,5.6,0.5379999999999999,0.531,1.4,2.3,0.624,1.8,3.3,5.1,0.6,0.6,0.2,0.9,2.7,7.4
377,377,J.R. Smith,SG,21.0,DEN,63.0,24.0,23.3,4.5,10.2,0.441,2.4,6.1,0.39,2.1,4.2,0.515,0.557,1.6,2.0,0.81,0.5,1.8,2.3,1.4,0.8,0.1,1.3,2.3,13.0
378,378,Joe Smith,PF,31.0,TOT,65.0,11.0,23.1,3.3,7.3,0.449,0.0,0.1,0.0,3.3,7.3,0.45299999999999996,0.449,1.9,2.3,0.845,1.8,4.3,6.2,0.8,0.6,0.4,1.2,2.3,8.5
379,379,Josh Smith,SF,21.0,ATL,72.0,72.0,36.8,6.1,13.8,0.439,0.5,2.1,0.25,5.5,11.7,0.473,0.45799999999999996,3.7,5.4,0.693,2.3,6.3,8.6,3.3,1.4,2.9,3.2,3.3,16.4
380,380,Steven Smith,PF,23.0,PHI,8.0,0.0,3.5,0.3,1.0,0.25,0.0,0.0,0.0,0.3,1.0,0.25,0.25,0.1,0.3,0.5,0.1,0.6,0.8,0.0,0.1,0.0,0.3,0.5,0.6
381,381,Eric Snow,PG,33.0,CLE,82.0,45.0,23.5,1.6,4.0,0.41700000000000004,0.0,0.0,0.0,1.6,3.9,0.42200000000000004,0.41700000000000004,0.9,1.4,0.637,0.4,1.9,2.3,4.0,0.7,0.2,1.4,2.3,4.2
382,382,Kirk Snyder,SF,23.0,HOU,39.0,1.0,14.4,1.7,3.7,0.452,0.3,1.1,0.25,1.4,2.6,0.539,0.49,1.3,1.9,0.653,0.4,1.7,2.1,1.0,0.3,0.3,0.7,1.3,4.9
383,383,Darius Songaila,PF,28.0,WAS,37.0,1.0,18.9,3.2,6.1,0.524,0.0,0.1,0.0,3.2,6.0,0.529,0.524,1.2,1.5,0.852,1.2,2.4,3.6,1.0,0.5,0.3,1.2,2.8,7.6
384,384,Pape Sow,C,25.0,TOR,7.0,0.0,4.9,0.4,1.3,0.33299999999999996,0.0,0.0,0.0,0.4,1.3,0.33299999999999996,0.33299999999999996,0.6,0.9,0.667,0.9,0.7,1.6,0.3,0.1,0.1,0.1,0.3,1.4
385,385,Vassilis Spanoulis,SG,24.0,HOU,31.0,0.0,8.8,0.7,2.3,0.319,0.2,0.9,0.172,0.6,1.4,0.419,0.354,1.1,1.4,0.81,0.2,0.5,0.7,0.9,0.2,0.0,0.9,1.1,2.7
386,386,Jerry Stackhouse,SF,32.0,DAL,67.0,8.0,24.1,4.2,9.8,0.428,0.9,2.4,0.38299999999999995,3.3,7.3,0.44299999999999995,0.47600000000000003,2.7,3.2,0.847,0.6,1.6,2.2,2.8,0.8,0.1,1.7,1.2,12.0
387,387,DeShawn Stevenson,SG,25.0,WAS,82.0,82.0,29.5,4.2,9.2,0.461,0.9,2.2,0.40399999999999997,3.3,7.0,0.479,0.51,1.9,2.6,0.7040000000000001,0.7,2.0,2.6,2.7,0.8,0.2,1.5,1.9,11.2
388,388,Peja Stojaković,SF,29.0,NOK,13.0,13.0,32.7,6.4,15.1,0.423,2.6,6.5,0.405,3.8,8.6,0.43799999999999994,0.51,2.4,2.9,0.816,0.8,3.3,4.2,0.8,0.6,0.3,1.5,2.2,17.8
389,389,Damon Stoudamire,PG,33.0,MEM,62.0,51.0,24.2,2.8,7.0,0.391,1.0,2.8,0.337,1.8,4.2,0.4270000000000001,0.45899999999999996,1.1,1.3,0.795,0.5,1.7,2.2,4.8,0.8,0.0,1.6,1.5,7.5
390,390,Salim Stoudamire,SG,24.0,ATL,61.0,0.0,17.0,2.9,7.0,0.41600000000000004,0.9,2.5,0.361,2.0,4.4,0.44799999999999995,0.48200000000000004,1.0,1.1,0.897,0.1,1.1,1.2,1.0,0.3,0.0,0.9,1.4,7.7
391,391,Amar'e Stoudemire,C,24.0,PHO,82.0,78.0,32.8,7.4,12.9,0.575,0.0,0.0,0.0,7.4,12.8,0.5770000000000001,0.575,5.6,7.1,0.7809999999999999,2.7,6.9,9.6,1.0,1.0,1.3,2.8,3.6,20.4
392,392,Mike Sweetney,C,24.0,CHI,48.0,0.0,8.0,1.2,2.8,0.433,0.0,0.0,0.0,1.2,2.8,0.433,0.433,0.8,1.4,0.561,0.9,1.6,2.5,0.6,0.2,0.2,0.9,1.6,3.2
393,393,Stromile Swift,C,27.0,MEM,54.0,18.0,19.1,3.0,6.4,0.465,0.0,0.1,0.0,3.0,6.3,0.47200000000000003,0.465,1.8,2.5,0.7240000000000001,1.6,3.1,4.6,0.3,0.6,1.1,1.3,2.7,7.8
394,394,Wally Szczerbiak,SF,29.0,BOS,32.0,19.0,28.1,5.0,12.1,0.415,1.4,3.3,0.415,3.7,8.8,0.415,0.47200000000000003,3.5,3.9,0.897,0.5,2.6,3.1,1.7,0.6,0.1,1.7,2.0,15.0
395,395,Donell Taylor,SG,24.0,WAS,47.0,1.0,7.9,1.2,3.0,0.4,0.1,0.4,0.17600000000000002,1.1,2.6,0.431,0.41100000000000003,0.2,0.4,0.524,0.3,0.8,1.1,1.0,0.4,0.1,0.5,0.7,2.7
396,396,Maurice Taylor,PF,30.0,SAC,12.0,2.0,8.6,0.7,2.3,0.28600000000000003,0.0,0.0,0.0,0.7,2.3,0.28600000000000003,0.28600000000000003,0.7,1.1,0.615,0.8,1.5,2.3,0.4,0.3,0.1,0.5,1.3,2.0
397,397,Sebastian Telfair,PG,21.0,BOS,78.0,30.0,20.2,2.3,6.1,0.371,0.5,1.6,0.289,1.8,4.4,0.402,0.41,1.2,1.4,0.818,0.2,1.2,1.4,2.8,0.6,0.1,1.3,2.1,6.1
398,398,Jason Terry,SG,29.0,DAL,81.0,80.0,35.1,6.3,13.1,0.484,2.0,4.6,0.43799999999999994,4.3,8.6,0.508,0.56,2.0,2.5,0.804,0.5,2.3,2.9,5.2,1.0,0.2,1.9,2.1,16.7
399,399,Etan Thomas,C,28.0,WAS,65.0,32.0,19.2,2.4,4.3,0.574,0.0,0.0,0.0,2.4,4.3,0.574,0.574,1.2,2.1,0.5579999999999999,2.1,3.7,5.8,0.4,0.3,1.4,1.1,2.5,6.1
400,400,Kenny Thomas,PF,29.0,SAC,62.0,53.0,22.8,2.4,4.9,0.48200000000000004,0.0,0.0,0.0,2.4,4.9,0.483,0.48200000000000004,0.6,1.2,0.513,2.2,3.9,6.1,1.2,0.7,0.3,1.5,2.3,5.3
401,401,Kurt Thomas,C,34.0,PHO,67.0,13.0,18.0,1.9,3.9,0.486,0.0,0.0,0.0,1.9,3.9,0.488,0.486,0.8,1.1,0.789,1.3,4.4,5.7,0.4,0.4,0.4,0.5,2.3,4.6
402,402,Tim Thomas,PF,29.0,LAC,76.0,24.0,27.0,3.9,9.5,0.414,1.8,4.7,0.382,2.1,4.8,0.444,0.508,1.3,1.9,0.708,0.8,4.1,5.0,2.3,0.7,0.4,1.4,3.0,11.0
403,403,Tyrus Thomas,PF,20.0,CHI,72.0,4.0,13.4,1.9,3.9,0.475,0.0,0.0,0.0,1.9,3.9,0.479,0.475,1.5,2.4,0.606,1.2,2.5,3.7,0.6,0.6,1.1,1.3,2.3,5.2
404,404,Dijon Thompson,SF,23.0,ATL,6.0,0.0,8.3,1.0,2.5,0.4,0.0,0.3,0.0,1.0,2.2,0.462,0.4,0.8,1.0,0.833,0.5,0.8,1.3,0.3,0.0,0.0,0.2,0.3,2.8
405,405,Jamaal Tinsley,PG,28.0,IND,72.0,72.0,31.2,4.8,12.3,0.389,0.8,2.7,0.316,4.0,9.7,0.409,0.424,2.4,3.3,0.72,0.8,2.5,3.3,6.9,1.6,0.3,2.8,2.6,12.8
406,406,Jake Tsakalidis,C,27.0,TOT,36.0,7.0,10.8,0.8,2.0,0.40299999999999997,0.0,0.0,0.0,0.8,2.0,0.40299999999999997,0.40299999999999997,0.7,1.1,0.667,1.2,1.7,2.9,0.1,0.2,0.3,0.7,1.4,2.3
407,407,P.J. Tucker,SF,21.0,TOR,17.0,0.0,4.9,0.6,1.3,0.5,0.0,0.0,0.0,0.6,1.3,0.5,0.5,0.5,0.8,0.5710000000000001,0.6,0.7,1.4,0.2,0.1,0.0,0.4,0.7,1.8
408,408,Ronny Turiaf,C,24.0,LAL,72.0,1.0,15.1,2.0,3.7,0.5489999999999999,0.0,0.0,0.0,2.0,3.7,0.551,0.5489999999999999,1.2,1.9,0.664,1.2,2.4,3.6,0.9,0.2,1.1,0.7,2.8,5.3
409,409,Hedo Türkoğlu,SF,27.0,ORL,73.0,73.0,31.1,4.7,11.3,0.419,1.5,3.8,0.38799999999999996,3.2,7.4,0.435,0.485,2.3,3.0,0.7809999999999999,0.8,3.2,4.0,3.2,1.0,0.2,2.0,3.0,13.3
410,410,Ime Udoka,SF,29.0,POR,75.0,75.0,28.6,3.2,6.9,0.461,1.2,2.9,0.406,2.0,3.9,0.502,0.5479999999999999,0.9,1.2,0.742,1.3,2.5,3.7,1.5,0.9,0.2,1.0,2.8,8.4
411,411,Beno Udrih,PG,24.0,SAS,73.0,1.0,13.0,1.7,4.7,0.369,0.5,1.6,0.287,1.3,3.1,0.41,0.41700000000000004,0.7,0.8,0.883,0.2,1.0,1.1,1.7,0.4,0.0,0.8,1.0,4.7
412,412,Anderson Varejão,C,24.0,CLE,81.0,6.0,23.9,2.4,5.0,0.47600000000000003,0.0,0.1,0.0,2.4,4.8,0.48700000000000004,0.47600000000000003,2.0,3.3,0.616,2.4,4.4,6.7,0.9,0.9,0.6,0.8,3.3,6.8
413,413,Jacque Vaughn,PG,31.0,SAS,64.0,4.0,11.9,1.1,2.6,0.425,0.0,0.0,0.5,1.1,2.6,0.424,0.428,0.8,1.0,0.754,0.1,0.9,1.1,2.0,0.4,0.0,0.6,1.2,3.0
414,414,Charlie Villanueva,PF,22.0,MIL,39.0,17.0,25.2,4.6,9.8,0.47,0.7,2.2,0.337,3.9,7.6,0.508,0.508,1.9,2.3,0.82,1.6,4.3,5.8,0.9,0.6,0.3,1.4,2.8,11.8
415,415,Marcus Vinicius,SF,22.0,NOK,13.0,0.0,7.9,0.5,1.2,0.467,0.2,0.5,0.429,0.3,0.6,0.5,0.5670000000000001,0.4,0.5,0.7140000000000001,0.2,0.7,0.8,0.4,0.2,0.1,0.5,0.8,1.7
416,416,Jake Voskuhl,C,29.0,CHA,73.0,9.0,14.3,1.7,3.5,0.475,0.0,0.0,0.0,1.7,3.5,0.475,0.475,1.1,1.5,0.6809999999999999,1.2,2.4,3.5,0.6,0.4,0.3,0.8,2.7,4.4
417,417,Sasha Vujačić,SG,22.0,LAL,73.0,4.0,12.8,1.4,3.7,0.392,0.8,2.2,0.373,0.6,1.5,0.42100000000000004,0.504,0.6,0.7,0.878,0.4,1.1,1.5,0.9,0.6,0.0,0.4,1.4,4.3
418,418,Dwyane Wade,SG,25.0,MIA,51.0,50.0,37.9,9.3,18.9,0.491,0.4,1.5,0.266,8.8,17.3,0.511,0.502,8.5,10.5,0.807,1.0,3.7,4.7,7.5,2.1,1.2,4.2,2.3,27.4
419,419,Von Wafer,SF,21.0,LAC,1.0,0.0,1.0,0.0,1.0,0.0,0.0,1.0,0.0,0.0,0.0,0.0,0.0,0.0,0.0,0.0,0.0,0.0,0.0,0.0,0.0,0.0,0.0,0.0,0.0
420,420,Dajuan Wagner,SG,23.0,GSW,1.0,0.0,7.0,1.0,1.0,1.0,1.0,1.0,1.0,0.0,0.0,0.0,1.5,1.0,2.0,0.5,0.0,0.0,0.0,1.0,0.0,0.0,1.0,1.0,4.0
421,421,Antoine Walker,PF,30.0,MIA,78.0,15.0,23.3,3.4,8.6,0.397,1.1,3.9,0.275,2.3,4.7,0.499,0.46,0.6,1.3,0.43799999999999994,1.2,3.2,4.3,1.7,0.6,0.2,1.8,2.2,8.5
422,422,Ben Wallace,C,32.0,CHI,77.0,77.0,35.0,2.5,5.5,0.45299999999999996,0.0,0.1,0.2,2.5,5.4,0.456,0.45399999999999996,1.4,3.5,0.408,3.9,6.7,10.7,2.4,1.4,2.0,1.3,2.0,6.4
423,423,Gerald Wallace,SF,24.0,CHA,72.0,71.0,36.7,6.6,13.2,0.502,0.5,1.7,0.325,6.1,11.6,0.528,0.523,4.3,6.2,0.691,2.0,5.2,7.2,2.6,2.0,1.0,2.2,2.9,18.1
424,424,Rasheed Wallace,C,32.0,DET,75.0,72.0,32.3,4.8,11.2,0.423,1.4,3.9,0.35100000000000003,3.4,7.3,0.46299999999999997,0.485,1.4,1.8,0.7879999999999999,1.2,6.0,7.2,1.7,1.0,1.6,1.3,3.0,12.3
425,425,Luke Walton,SF,26.0,LAL,60.0,60.0,33.0,4.4,9.3,0.474,0.8,2.1,0.387,3.6,7.2,0.499,0.517,1.8,2.4,0.745,1.5,3.6,5.0,4.3,1.0,0.4,2.0,2.0,11.4
426,426,Hakim Warrick,PF,24.0,MEM,82.0,43.0,26.2,4.5,8.7,0.524,0.0,0.1,0.0,4.5,8.6,0.53,0.524,3.6,4.7,0.7709999999999999,1.6,3.5,5.1,0.9,0.5,0.4,2.0,2.8,12.7
427,427,Earl Watson,PG,27.0,SEA,77.0,25.0,27.9,3.4,8.9,0.38299999999999995,1.2,3.6,0.32899999999999996,2.2,5.3,0.42,0.45,1.4,1.9,0.735,0.4,2.0,2.4,5.7,1.3,0.3,2.2,2.0,9.4
428,428,Chris Webber,PF,33.0,TOT,61.0,60.0,29.9,4.7,10.5,0.452,0.1,0.2,0.364,4.7,10.3,0.45399999999999996,0.455,1.7,2.6,0.638,2.0,5.1,7.2,3.1,1.0,0.7,1.8,2.3,11.2
429,429,Martell Webster,SF,20.0,POR,82.0,27.0,21.5,2.4,6.0,0.396,1.1,3.0,0.364,1.3,3.0,0.43,0.489,1.1,1.6,0.705,0.5,2.4,2.9,0.6,0.4,0.2,0.9,1.5,7.0
430,430,Bonzi Wells,SF,30.0,HOU,28.0,1.0,21.1,3.0,7.4,0.41100000000000003,0.0,0.3,0.14300000000000002,3.0,7.1,0.42,0.413,1.6,2.9,0.561,0.9,3.4,4.3,1.1,0.9,0.5,2.0,2.2,7.8
431,431,David Wesley,SG,36.0,CLE,35.0,5.0,10.1,0.6,2.1,0.293,0.3,1.1,0.237,0.4,1.1,0.35100000000000003,0.353,0.6,0.8,0.7140000000000001,0.1,0.9,1.0,1.1,0.3,0.1,0.5,0.9,2.1
432,432,David West,PF,26.0,NOK,52.0,52.0,36.5,7.3,15.2,0.47600000000000003,0.2,0.5,0.32,7.1,14.8,0.48100000000000004,0.48100000000000004,3.6,4.4,0.8240000000000001,2.4,5.7,8.2,2.2,0.8,0.7,1.9,2.8,18.3
433,433,Delonte West,SG,23.0,BOS,69.0,47.0,32.2,4.4,10.4,0.4270000000000001,0.9,2.6,0.365,3.5,7.8,0.447,0.47200000000000003,2.4,2.9,0.853,0.5,2.6,3.0,4.4,1.1,0.5,2.0,2.2,12.2
434,434,James White,SG,24.0,SAS,6.0,2.0,22.8,3.0,6.8,0.439,0.3,1.2,0.28600000000000003,2.7,5.7,0.47100000000000003,0.46299999999999997,2.0,2.5,0.8,0.5,2.8,3.3,0.8,0.5,0.2,0.8,1.2,8.3
435,435,Chris Wilcox,PF,24.0,SEA,82.0,81.0,31.5,5.3,10.0,0.529,0.0,0.1,0.0,5.3,9.9,0.5329999999999999,0.529,2.9,4.3,0.684,2.2,5.5,7.7,1.0,0.9,0.5,1.5,3.0,13.5
436,436,Damien Wilkins,SF,27.0,SEA,82.0,31.0,24.8,3.2,7.3,0.435,0.6,1.5,0.41,2.6,5.9,0.442,0.47700000000000004,1.8,2.1,0.882,1.1,1.7,2.8,1.9,1.1,0.2,1.4,1.9,8.8
437,437,Mike Wilks,PG,27.0,SEA,47.0,4.0,11.4,1.4,3.0,0.46799999999999997,0.1,0.3,0.33299999999999996,1.3,2.7,0.484,0.486,0.7,0.9,0.7859999999999999,0.3,0.8,1.1,1.7,0.3,0.1,0.7,1.1,3.6
438,438,Aaron Williams,PF,35.0,LAC,38.0,7.0,9.8,0.8,1.4,0.547,0.0,0.0,0.0,0.8,1.4,0.5579999999999999,0.547,0.5,0.6,0.818,0.7,1.5,2.2,0.2,0.2,0.4,0.5,1.5,2.0
439,439,Alvin Williams,PG,32.0,LAC,2.0,0.0,5.0,0.0,1.0,0.0,0.0,0.5,0.0,0.0,0.5,0.0,0.0,1.0,2.0,0.5,0.5,0.0,0.5,1.5,1.0,0.0,1.5,0.0,1.0
440,440,Deron Williams,PG,22.0,UTA,80.0,80.0,36.9,6.2,13.5,0.456,1.0,3.2,0.322,5.2,10.4,0.498,0.494,2.8,3.7,0.767,0.5,2.8,3.3,9.3,1.0,0.2,3.1,3.2,16.2
441,441,Eric Williams,SF,34.0,TOT,21.0,0.0,5.8,0.9,2.2,0.40399999999999997,0.4,0.9,0.42100000000000004,0.5,1.3,0.39299999999999996,0.489,0.4,0.7,0.5710000000000001,0.1,0.7,0.8,0.3,0.1,0.0,0.3,0.6,2.6
442,442,Jason Williams,PG,31.0,MIA,61.0,55.0,30.6,3.9,9.3,0.413,1.6,4.8,0.33899999999999997,2.2,4.5,0.493,0.501,1.5,1.7,0.9129999999999999,0.3,2.0,2.3,5.3,1.0,0.0,1.6,1.1,10.9
443,443,Justin Williams,C,22.0,SAC,26.0,1.0,12.8,2.1,3.4,0.614,0.0,0.0,0.0,2.1,3.3,0.621,0.614,0.9,2.4,0.365,2.0,2.5,4.4,0.1,0.2,0.6,0.6,2.0,5.0
444,444,Lou Williams,PG,20.0,PHI,61.0,0.0,11.3,1.5,3.5,0.441,0.2,0.6,0.324,1.3,2.9,0.466,0.469,1.0,1.5,0.696,0.3,0.9,1.1,1.8,0.4,0.0,0.8,0.7,4.3
445,445,Marcus Williams,PG,21.0,NJN,79.0,2.0,16.6,2.6,6.7,0.395,0.6,2.1,0.282,2.1,4.6,0.446,0.439,0.9,1.1,0.847,0.4,1.7,2.1,3.3,0.4,0.0,1.8,1.2,6.8
446,446,Marvin Williams,PF,20.0,ATL,64.0,63.0,34.0,4.8,11.0,0.433,0.2,0.7,0.244,4.6,10.3,0.446,0.441,3.4,4.1,0.815,1.3,4.0,5.3,1.9,0.8,0.5,2.0,3.0,13.1
447,447,Mo Williams,PG,24.0,MIL,68.0,68.0,36.4,6.9,15.4,0.446,1.2,3.4,0.34600000000000003,5.7,12.1,0.474,0.484,2.3,2.7,0.855,0.8,4.0,4.8,6.1,1.3,0.1,3.0,3.0,17.3
448,448,Shammond Williams,PG,31.0,LAL,30.0,0.0,11.5,1.2,2.9,0.40700000000000003,0.7,1.7,0.4,0.5,1.2,0.41700000000000004,0.523,0.1,0.2,0.667,0.4,1.0,1.3,1.0,0.4,0.0,0.4,0.7,3.1
449,449,Shawne Williams,SG,20.0,IND,46.0,3.0,12.1,1.6,3.5,0.469,0.4,1.1,0.365,1.2,2.3,0.519,0.528,0.2,0.4,0.55,0.7,1.1,1.8,0.5,0.1,0.2,0.5,1.5,3.9
450,450,Shelden Williams,PF,23.0,ATL,81.0,31.0,18.7,2.0,4.5,0.455,0.0,0.0,0.5,2.0,4.5,0.45399999999999996,0.45799999999999996,1.4,1.8,0.764,1.6,3.8,5.4,0.5,0.6,0.5,1.2,2.5,5.5
451,451,Corliss Williamson,PF,33.0,SAC,68.0,1.0,19.7,3.5,6.8,0.51,0.0,0.0,0.0,3.5,6.8,0.512,0.51,2.2,3.0,0.715,0.9,2.3,3.3,0.6,0.4,0.2,1.4,2.7,9.1
452,452,Kevin Willis,PF,44.0,DAL,5.0,0.0,8.6,1.0,2.6,0.385,0.0,0.0,0.0,1.0,2.6,0.385,0.385,0.4,0.4,1.0,0.4,1.2,1.6,0.2,0.4,0.2,0.4,2.2,2.4
453,453,Metta World Peace,SF,27.0,SAC,70.0,65.0,37.7,6.5,14.9,0.44,1.3,3.7,0.358,5.2,11.1,0.46799999999999997,0.485,4.4,5.9,0.74,1.5,5.0,6.5,3.4,2.1,0.6,2.1,2.9,18.8
454,454,Antoine Wright,SG,22.0,NJN,63.0,23.0,18.0,1.7,4.0,0.43799999999999994,0.3,0.9,0.322,1.4,3.0,0.474,0.47600000000000003,0.7,1.2,0.603,0.6,2.2,2.8,0.9,0.5,0.2,0.7,1.9,4.5
455,455,Bracey Wright,SG,22.0,MIN,19.0,0.0,10.0,1.3,3.2,0.4,0.3,1.1,0.3,0.9,2.1,0.45,0.45,0.7,0.9,0.722,0.4,0.7,1.1,0.8,0.5,0.1,0.3,0.3,3.5
456,456,Dorell Wright,SF,21.0,MIA,66.0,19.0,19.6,2.5,5.5,0.445,0.1,0.5,0.147,2.4,5.0,0.47600000000000003,0.452,1.0,1.3,0.7440000000000001,0.6,3.5,4.1,1.4,0.6,0.7,1.0,1.7,6.0
457,457,Lorenzen Wright,C,31.0,ATL,67.0,31.0,15.4,1.2,2.7,0.44799999999999995,0.0,0.0,0.0,1.2,2.7,0.44799999999999995,0.44799999999999995,0.1,0.5,0.281,1.3,2.0,3.2,0.6,0.4,0.4,0.6,3.0,2.6
